video_id,title,published_at
OSTMKBLDoLg,The American fairytale continues as USA beat Pakistan in a massive upset at the #T20WorldCup ğŸ˜,2024-06-06T23:37:36Z
3yiWqnKl7lQ,The Epic Montage | T20 World Cup 2024 Final,2024-07-04T08:51:35Z
fVZQCdHUTsA,Virat Kohli ğŸ¤ Rohit Sharma #cricket #cricketshorts #ytshorts #T20WorldCup,2024-06-30T01:45:47Z
89_E436SRos,Let the celebrations begin ğŸ¥³ #cricket #cricketshorts #ytshorts #t20worldcup,2024-06-29T23:30:01Z
Gzs-rqCuxTk,Another iconic Ian Smith call ğŸ—£ï¸ğŸ¤ #CricketShorts #YTShorts,2024-07-02T06:58:32Z
RJcAz3rU2Zc,Australia claim maiden Men&#39;s T20 World Cup title | Match Highlights | T20WC 2021,2024-05-14T01:52:11Z
4iiLuQVMs-w,Unbelievable athleticism | The Best Catches of T20WC 2024,2024-07-03T12:27:43Z
iMtkpSzOVqc,Simply brilliant by Suryakumar Yadav ğŸ˜® #cricket #cricketshorts #ytshorts #T20WorldCup,2024-06-29T23:03:40Z
1RnrJc0zNys,"When you win, dance like everyoneâ€™s watching ğŸ˜‰ #T20WorldCup #cricket #cricketshorts #ytshorts",2024-06-30T00:01:31Z
WBC_imavsmQ,Virat Kohli magic at the MCG ğŸª„ #cricket #t20worldcup #cricketshorts,2024-02-23T02:07:12Z
OzsYsAvVaTk,Every Jasprit Bumrah wicket at Cricket World Cup 2023,2024-04-12T06:44:33Z
8MWMvoZqt0E,Carnage with the ball | The Best Deliveries of T20WC 2024,2024-07-11T12:30:09Z
S1b6dXPWGW0,Lifting the World Cup trophy is always a special feeling ğŸ™Œ #cricket #cwc23 #cricketlover,2024-01-14T23:47:00Z
boOWyGnGYxs,Sean Paul &amp; Kes - Out Of This World (Music Video) [ICC Menâ€™s T20 World Cup 2024 Official Anthem],2024-05-02T12:00:07Z
V8m8equTo3c,Ric Flair ğŸ¤ Rohit Sharma #T20WorldCup #Cricket #cricketshorts #ytshorts,2024-06-30T02:46:48Z
WNV9ssUjqk4,Continuing a glorious ğŸ‡®ğŸ‡³ Men&#39;s World Cup legacy ğŸ†#T20WorldCup,2024-07-03T14:30:11Z
YqKYpgZ9FWU,Cricket World Cup 2023 Final: Australia v India | Match Highlights,2024-02-12T01:00:13Z
-2fjXRxMh-c,The euphoria of a #T20WorldCup trophy in your hands ğŸ™ŒğŸ†,2024-07-01T00:03:10Z
INpFgtrmpLE,ICC Menâ€™s T20 World Cup 2024 Official Anthem Teaser ft. Sean Paul and Kes,2024-04-12T17:45:09Z
2sZ8acopU1o,Rangana Herath runs through New Zealand with 5/3 in 2014 | T20 World Cup,2024-05-21T06:29:15Z
2rjM-XW6eZY,New York Pitch Update | T20 World Cup 2024,2024-05-02T00:30:04Z
dlaGLRWBNEI,Same batter. Same opposition. Same reactions ğŸ‘€ #cwc23  #cricket  #ausvpak,2024-01-20T02:17:49Z
_XuvpfEEs8o,The story so far â€“ Best Moments | T20WC 2024,2024-06-19T09:29:45Z
ijp5AyWVWds,The historic moment for Afghanistan #cricket #cricketshorts #ytshorts #t20worldcup,2024-06-25T05:57:00Z
8L3QSt6f3dM,The ICC T20 World Cup gets a brand new makeover,2023-12-07T07:07:30Z
xKMRx_upkRY,Who is faster than Jofra Archer? ğŸ˜®â€ğŸ’¨#T20WorldCup #YTShorts #CricketShorts,2024-06-05T13:15:04Z
j20RXTDr2Q0,How Hardik Pandya turned the tide in Indiaâ€™s favour ğŸ¤¯ #cricket #cricketshorts #ytshorts,2024-03-23T13:17:39Z
R9_YsawaSNc,The #T20WorldCup trophy in disguise ğŸ† #Cricket #CricketShorts #YTShorts,2024-07-19T13:06:11Z
jo-_-9W-1TI,Nepal nearly pulls off a big win | SA v NEP | T20WC 2024,2024-06-15T16:21:38Z
RwqV_2Pkdp4,One-month milestone for Nassau County International Cricket Stadium | ICC Men&#39;s T20 World Cup 2024,2024-03-05T13:47:56Z
_bb33rYsAvI,India orchestrates memorable win over Pakistan | Match Recap | IND v PAK | T20WC 2024,2024-06-11T14:11:13Z
MMba_pOhAZM,"Carlos Brathwaite, iconic ğŸ¤© #t20worldcup  #cricket  #cricketshorts",2024-02-22T23:00:12Z
JKkEd9cycBQ,ICC Menâ€™s T20 World Cup 2024 Trophy Tour kicks off in New York,2024-03-19T17:20:14Z
tAgvul2Ls0A,Every Adam Zampa wicket at T20 World Cup 2024,2024-07-11T23:57:22Z
s6GinPgUO5Y,Rishabh Pant reacts to Ricky Ponting&#39;s words of support ğŸ«¶#T20WorldCup #cricketshortsÂ #ytshorts,2024-05-30T14:30:30Z
t3zMcZNgJ4g,Celebrating #T20WorldCup 100-day countdown with the CHAMPIONS ğŸ¤© #Cricket #100DTG,2024-02-23T13:06:59Z
suq0etZBAv8,A Dale Steyn special overcomes New Zealand in #T20WorldCup 2014 ğŸ‘Š  #cricket #cricketshortsÂ #ytshort,2024-03-24T13:30:24Z
gE4sSkL1PGI,Every Fazalhaq Farooqi wicket at T20 World Cup 2024,2024-07-12T03:51:47Z
PEsCwvwSgcg,A sneak peek of the Men&#39;s #T20WorldCup 2024 official anthem ft. @AllSeanPaul and @kestheband ğŸ‘€,2024-04-15T00:17:29Z
TjndmAHcgkM,"India&#39;s new T20I skipper, Suryakumar Yadav ğŸ‘ #cricket #cricketshorts #ytshorts",2024-07-19T06:22:37Z
bNLJEsqCFWM,An Out of This World Spectacle | ICC Menâ€™s T20 World Cup 2024,2024-02-22T14:00:16Z
glTy9dxHL6Q,A ruthless Rohit Sharma knock ğŸ‘Š#T20WorldCup #AUSvIND #ytshorts #cricketshorts,2024-06-24T19:16:35Z
f-OUu_6jIRo,Burj Khalifa lights up in Women&#39;s T20 World Cup 2024 colours,2024-09-12T07:32:28Z
_LegGXsy6pk,Look at the turn on that ğŸ‘€ #Cricket #CricketShorts #INDvENG #T20WorldCup,2024-06-27T20:43:00Z
cc8RCrwioJA,Jasprit Bumrah rattles Mohammad Rizwan&#39;s stumps ğŸ’¥ #t20worldcup #cricket #ytshorts #cricketshorts,2024-06-10T01:21:25Z
9s-ARtVz5vA,ğŸ¶ ğ˜ğ˜§ ğ˜ºğ˜°ğ˜¶&#39;ğ˜³ğ˜¦ ğ˜©ğ˜¢ğ˜±ğ˜±ğ˜º ğ˜¢ğ˜¯ğ˜¥ ğ˜ºğ˜°ğ˜¶ ğ˜¬ğ˜¯ğ˜°ğ˜¸ ğ˜ªğ˜µ... ğŸ¶#T20WorldCup #Cricketshorts #ytshorts,2024-05-29T06:08:54Z
6uS3FFRBhuI,Historic moment for Afghanistan ğŸ˜ #cricket #cricketshorts #ytshorts #t20worldcup,2024-06-23T05:10:17Z
LDNOKcp_4Ug,Every Tabraiz Shamsi wicket at T20 World Cup 2024,2024-07-12T05:56:25Z
CuEC8Twrcgo,Every Travis Head boundary at T20 World Cup 2024,2024-07-17T01:13:55Z
nc9nA8fG87Q,Every Heinrich Klaasen boundary at T20 World Cup 2024,2024-07-16T06:00:31Z
wmf4yKzv9KE,The game-changing Jasprit Bumrah spell ğŸ”¥#T20WorldCup #INDvPAK #CricketÂ #CricketShorts,2024-06-12T19:41:58Z
NCSH_QMDzI4,Pat Cummins claims rare #T20WorldCup hat-trick ğŸ”¥ #cricket #cricketshorts #ytshorts,2024-06-21T02:51:53Z
35QmZ2zaAso,"The first international cricket match in New York, coming up next ğŸ¤©#T20WorldCup #ytshorts",2024-06-03T14:09:40Z
f-PfPPZglSM,Rashid Khan unhappy after missing out on a double ğŸ‘€ #cricket #cricketshorts #ytshorts #t20worldcup,2024-06-25T03:42:12Z
WrprZIxzB4M,Two wickets from two balls for Namibia ğŸ˜² #t20worldcup #cricket #cricketshorts #ytshorts,2024-06-03T01:10:45Z
nCTUP7-tLrU,Every Virat Kohli boundary at T20WC 2024,2024-07-15T14:00:45Z
Wp8_0FS-Ts4,Kohli&#39;s unbeaten 82* guides India past Australia | T20WC 2016,2024-03-27T03:42:40Z
vTh3QH_tMgg,Yuvraj Singh predicts the #T20WorldCup semi-finalists ğŸ‘€ #Cricket #CricketShorts #YTShorts,2024-05-28T11:04:08Z
ha6fDklARyc,"Final Over Thrillers: India v Bangladesh, T20WC 2016",2024-03-23T12:30:26Z
qVEmHX5yvc0,"With four teams left, who&#39;s winning #T20WorldCup 2024? ğŸ†",2024-06-26T16:17:51Z
v_AFZ5-tY14,Lendl Simmons and Andre Russell power West Indies into the Final | T20WC 2016,2024-03-31T10:30:17Z
RR0yM5mG_8U,Final Over Thrillers: England v West Indies | T20WC 2016,2024-04-03T11:00:20Z
oYv3VzNXxik,Clutch moment from the Proteas captain! â˜#SAvBAN #T20WorldCup #Cricket #ytshorts #CricketShorts,2024-06-10T19:25:55Z
QFzINcbeU54,Yuvraj Singh predicts India best XI for T20 World Cup 2024,2024-05-22T05:30:01Z
aA8M0e7-fL8,36 runs from one over as Nicholas Pooran hits outğŸ’¥ #cricket #cricketshorts #ytshorts #t20worldcup,2024-06-18T03:59:30Z
43YAaDH-xRA,A special presentation from Rohit Sharma for Kuldeep Yadav ğŸ˜‚#T20WorldCup #cricketshorts #ytshorts,2024-05-29T14:46:31Z
WxKB1b_iAKU,"Another successful chase from Kohli, this time at #T20WorldCup 2016 against Pakistan ğŸ #ytshorts",2024-03-19T02:15:10Z
Zu8Alpt6O34,FOUR MAIDENS ğŸ¤©Watch every ball from Lockie Fergusonâ€™s record-breaking effort ğŸ‘ #T20WorldCup #NZvPNG,2024-06-17T18:41:00Z
yhaYJ6lraxg,Marco Jansen puts South Africa into #T20WorldCup semi-finals ğŸ’ª #cricket #cricketshorts #ytshorts,2024-06-24T08:33:52Z
8rIgfe5xt2w,So much semi-final emotion for Rohit Sharma ğŸ¥¹ #cricket #cricketshorts #ytshorts #t20worldcup,2024-06-28T06:22:26Z
NiRKcpD0QEw,Tanzim Hasan delivers an action-packed over ğŸ˜¯#INDvBAN #T20WorldCup,2024-06-22T19:28:01Z
hQu8GyassKA,Incredible left-arm pacer shines for India | Every Wicket of Arshdeep Singh | T20WC 2024,2024-07-13T11:17:20Z
WbXGMIBUrIA,What does it take to create an â€˜Out of this Worldâ€™ anthem? #cricket #shorts  #T20WorldCup,2024-05-04T12:12:20Z
ODMu9HSBHHw,Shaping up well ğŸ™Œ New York almost ready for #T20WorldCup ğŸ #ytshorts #cricket #cricketshorts,2024-04-02T15:35:34Z
fvkhKXAzkt4,Another bat broken in New York ğŸ’¥ #PAKvCAN #T20WorldCup #cricketshorts #ytshorts,2024-06-12T02:08:22Z
2JDF7p-ofvg,Back in blue this #T20WorldCup ğŸ’™ğŸ‡®ğŸ‡³ #Cricket #CricketShorts #Ytshorts,2024-04-30T11:34:36Z
crUpS21VCyo,Every Hardik Pandya boundary at T20WC 2024,2024-07-17T13:02:48Z
FbJq1jpAl8c,The Aussie-Uganda gold ğŸ˜ #Cricket #cricketshorts #ytshorts  #t20worldcup,2024-06-02T23:25:37Z
XQ4E052zHhw,Yuvraj Singh says Suryakumar Yadav must fire for India at #t20worldcup #cricketshorts #ytshorts ğŸ”¥,2024-04-30T05:11:56Z
a_4LB121bGQ,Every Hardik Pandya wicket at T20WC 2024,2024-07-14T15:30:01Z
9dy7kpALSAE,Every Nicholas Pooran boundary at T20 World Cup 2024,2024-07-15T07:17:57Z
mdUjXYSvUHk,Every Wicket of Rishad Hossain at T20WC 2024,2024-07-14T08:09:19Z
MnxF5QWf2_A,Howdy ğŸ¤  #t20worldcup #cricket #ytshorts #cricketshorts,2024-06-03T03:24:21Z
30kR8HgcBrs,Every Kuldeep Yadav wicket | T20WC 2024,2024-07-11T08:46:16Z
LD4RlAw1n1E,There&#39;s always that one kid in class ğŸ˜#Cricketshorts  #T20WorldCup #YTShorts,2024-06-14T15:51:31Z
Ij4LP6nIAWE,WHATEVER IT TAKES | ICC WOMENâ€™S T20 WORLD CUP 2024 - OFFICIAL EVENT SONG | W.i.S.H. | Mikey McCleary,2024-09-23T08:58:34Z
7V0BfraDMjY,Suresh Raina&#39;s brilliant hundred | T20WCÂ 2010,2024-05-02T10:28:35Z
Ho-QYI41P1U,Dale Steyn&#39;s stirring spell stuns New Zealand | T20WC 2014,2024-03-24T13:30:06Z
8Wp70xRwFIE,Shubman Gill ğŸ¤œ ğŸ¤›Stephan Pascal #U19WorldCup #Cricket,2024-02-02T04:56:12Z
VPlPI31TfL8,Looking sharp in ğŸ’™ğŸ§¡#T20WorldCup #CricketShorts #YTShorts,2024-05-30T10:30:10Z
Spep2LKqXxQ,India v Nepal | Match Highlights | U19 CWC 2024,2024-02-02T23:37:11Z
_M0igpVe4-0,A Joe Root special at Wankhede | SA v ENG | T20WC 2016,2024-03-18T14:30:12Z
NTY9g2MaPzM,Mitch Marsh ğŸ¤ Chris Gayle! It&#39;s a special connection with the Universe Boss ğŸ˜#T20WorldCup #ytshorts,2024-06-01T07:41:51Z
PHFySz6fhpE,Returning to action for ğŸ‡®ğŸ‡³ this #T20WorldCup!#Cricket #CricketShorts #ytshorts,2024-04-30T14:00:29Z
FZ-UkwUlgqE,Kagiso Rabada breathing fire ğŸ”¥ #cricket #cricketshorts #ytshorts #t20worldcup,2024-06-27T01:08:00Z
Im1Q5xdv6LA,David Warner&#39;s first T20 World Cup six went flying ğŸš€  #cricket #cricketshorts #t20worldcup,2024-02-14T01:57:20Z
7S24Yx0dBwk,"Two hat-tricks, one man â€“ Pat Cummins â­ #cricket #cricketshorts #ytshorts #t20worldcup",2024-06-23T03:01:25Z
XIkZPkHjCOY,Every Rashid Khan wicket at T20WC 2024,2024-07-13T15:30:10Z
8Q9PM1BHCqA,India ride the Moye Moye wave ahead of the #u19worldcup ğŸ•º #cricket,2024-01-18T11:00:09Z
MRdbyLmlufU,Every Anrich Nortje wicket at T20WC 2024,2024-07-11T17:30:34Z
MRdbyLmlufU,Every Anrich Nortje wicket at T20WC 2024,2024-07-11T17:30:34Z
EriPq6Ut2tc,Sri Lanka start their #T20WorldCup preparation in ğŸ‡ºğŸ‡¸! #Cricketshorts #ytshorts,2024-05-27T12:50:10Z
e3rcBT0WWlY,Every Rahmanullah Gurbaz boundary | T20WC 2024,2024-07-11T10:30:13Z
kf6VxPc5m60,Inside the mind of Yuvraj Singh: The legend behind famous six sixes | T20WC 2007,2024-06-26T16:08:05Z
FSfgoIfqy8w,MS Dismissals: Every Dhoni dismissal | T20 World Cup,2024-05-16T01:51:32Z
qmq3mz7nyrk,âš¾ Baseball fan looking forward to the #T20WorldCup?Jomboyâ€™s cricket guide has you covered!,2024-06-01T00:35:03Z
igb7gRYhNlg,Every Rashid Khan T20 World Cup wicket so far,2024-04-11T02:35:25Z
gl1nn9w_8zk,"Rizwan, Babar re-write history with an iconic partnership | IND v PAK | T20WC 2021",2024-05-09T06:30:20Z
VQpTVVsNHQs,Glenn Maxwell produces one of the greatest ODI knocks of all-time | CWC23,2024-02-11T04:08:33Z
7rCb21WHJ3M,Inspirational words for USA from Curtly Ambrose ğŸ™Œ #cricket #crickethshorts #ytshorts #t20worldcup,2024-06-20T02:45:00Z
pKnadTVwv3U,Will #U19WorldCup history repeat for India against Australia in 2024? #cricket #cricketshorts,2024-02-11T01:33:53Z
BHvvrv4AUFk,Jasprit Bumrah loves bowling to Mohammad Rizwan ğŸ’¥ #cricket #t20worldcup #ytshorts #cricketshorts,2024-06-10T04:42:59Z
29q_0d_1DBk,Every Umar Gul wicket | T20 World Cup,2024-05-18T07:58:40Z
D-EpMhhz7LY,Every Wanindu Hasaranga wicket in T20 World Cups,2024-05-12T09:30:03Z
me5Uxy2SY_I,Jasprit Bumrah is always on target ğŸ¯ #CricketShorts #YTShorts,2024-04-12T05:29:53Z
2Es22szZ2kk,Yuvraj Singhâ€™s brilliant knock helps India to semi-finals | CWC 2011,2024-03-24T10:35:33Z
HGlyrSEN95E,Behind the scenes of India&#39;s media day | WT20WC 2024,2024-09-29T13:30:11Z
LgvbBhqRUQM,Some tough choices for the India #u19worldcup  captain. Who would you pick? #cricket,2024-01-26T02:00:09Z
ZfPbOdxVYgc,ICC Menâ€™s T20 World Cup Trophy Tour 2024 wraps up in the USA,2024-04-10T14:07:46Z
VjTfEK2JdLw,Usain Bolt unveiled as an ambassador for the ICC Men&#39;s #T20WorldCup 2024 âš¡ #cricket #ytshorts,2024-04-24T14:10:35Z
v4o0IeFrOwk,Every Jos Buttler T20 World Cup six so far,2024-04-17T00:57:19Z
6f4-0m0AgOA,Virat Kohli takes India to the Final | T20 World Cup 2014,2024-04-04T09:16:06Z
ILDDwQrPdEM,"Rohit Sharma, smashing sixes and records for fun ğŸ˜®â€ğŸ’¨#T20WorldCup #AUSvIND  #cricket #ytshorts",2024-06-24T19:21:43Z
woyOailiTTw,Record Breakers: All 99 South Africa sixes at the Cricket World Cup 2023,2024-02-10T03:00:38Z
bbIrVsBFF0E,The Andre Russell impact ğŸğŸ”¥#CricketLover #AndreRussell #WestIndies,2024-04-22T05:26:25Z
qExhbE6h2xw,Yuvraj Singh shines in the #CWC11 quarter-final ğŸŒŸ #cricket #ytshorts #cricketshorts,2024-03-24T10:54:21Z
4WtvaBghx-c,Chris Gayle tears England apart | ENG v WI | T20WC 2016,2024-05-13T08:47:59Z
heYk1vknr7s,Every Andries Gous boundary at T20 World Cup 2024,2024-07-16T04:35:03Z
6FpLdXX9ANs,These Menâ€™s #T20WorldCup 2024 predictions... no surprises here ğŸ˜‰ #cricket,2024-02-23T14:27:03Z
T2iC8XWkLOc,The ball is stuck in Tanzid Hasan&#39;s helmet ğŸ‘€ #T20WorldCup #BANvNED #YTShorts #CricketShorts,2024-06-13T16:13:02Z
YdkGzFYx1Vc,All the best catches from Cricket World Cup 2023 ğŸ˜±,2024-01-15T02:00:10Z
kRqFryoNf_I,Bravo and Sammy star with game-changing stand against Pakistan | T20WC 2014,2024-04-01T15:08:48Z
U0_-w_XFBYc,India are pumped up for the Super Eights ğŸ’ª  #cricket #t20worldcup #ytshorts,2024-06-19T16:59:54Z
6HBgpkK8-rc,A (Travis) Head above the rest ğŸ™Œ #YTShorts #CricketShorts,2024-04-16T03:04:17Z
0j2CV-__V48,Every unplayable delivery from Cricket World Cup 2023 ğŸ’«,2024-01-16T02:00:00Z
lAKgILzX_cQ,&#39;Whatever it takes&#39; | ICC Women&#39;s T20 World Cup 2024 TVC,2024-09-19T08:48:52Z
vNbNXVaV8PI,International record tumbles in Samoa as 39 runs are scored in one over ğŸ˜²,2024-08-20T01:09:42Z
H9-rtoNFeqo,Behind the scenes with Nepal at the media day | T20WC 2024,2024-05-29T08:10:01Z
sIO8LCvvncM,USA v Sri Lanka | Match Highlights | Womenâ€™s T20WC Qualifier 2024,2024-05-03T19:52:31Z
1Cp3HvwGFbc,Every Shubman Gill six at Cricket World Cup 2023,2024-04-05T05:12:35Z
qbbaIBUCBKU,Marcus Stoinis delivers half-century in just 17 deliveries | T20 World Cup,2024-05-20T00:30:41Z
nFb1FvubQD4,Every Quinton de Kock boundary at T20WC 2024,2024-07-16T13:39:53Z
Duq6ls3aKxc,Yuvraj Singh dissects India&#39;s options for T20 World Cup,2024-04-28T23:53:55Z
4_N2bwtFemU,Experience the joy and excitement of PNG&#39;s media day at the #T20WorldCup ğŸ˜ #Cricket #CricketShorts,2024-05-28T12:30:03Z
HGYnPA-20e4,Phil Salt smashes 30 runs from one over ğŸ˜² #cricket #cricketshorts  #ytshorts #t20worldcup,2024-06-20T04:16:33Z
5j5xfbosJEc,Premium Club hospitality at Nassau County International Cricket Stadium in New York ğŸŒŸ #t20worldcup,2024-06-02T21:18:11Z
OSSYzHJEJz4,All the best deliveries from the ICC U19 Men&#39;s Cricket World Cup,2024-02-22T23:31:56Z
eeZw1kDhhmc,ICC Menâ€™s T20 World Cup Trophy Tour 2024 wraps up in New York,2024-03-25T12:55:30Z
VdgSxToJ97c,Rishabh Pant power ğŸ’ª #Cricket #CricketShortsÂ #YTShorts,2024-03-23T16:30:31Z
N22Vd0DY3Lw,Every Men&#39;s Cricket World Cup hat-trick â˜ï¸â˜ï¸â˜ï¸,2024-01-19T02:00:07Z
N22Vd0DY3Lw,Every Men&#39;s Cricket World Cup hat-trick â˜ï¸â˜ï¸â˜ï¸,2024-01-19T02:00:07Z
GXSCrdL4zoc,India storm into the 2014 #T20WorldCup Final ğŸ”¥ #cricket #ytshorts #cricketshorts,2024-04-04T07:32:32Z
1O_zNZhQEyg,The #u19worldcup youngsters look up to Virat Kohli #cricket #viratkohli #india,2024-01-18T10:00:01Z
ZyX4-sI2Dno,"Iconic then, iconic now from Virat Kohli ğŸ™Œ #cricket #cricketshorts #ytshorts #t20worldcup",2024-06-21T02:08:44Z
YphL3Whh5B0,Cricket World Cup 2011 Final: India v Sri Lanka | Match Highlights,2024-02-23T03:54:36Z
92dwODvzA6U,India are ready to set #T20WorldCup 2024 on fire ğŸ”¥ #Cricket #CricketShorts #YTShorts,2024-06-05T08:57:05Z
VPt3SIaoVE8,Ricky Ponting on Virat Kohli&#39;s batting position at T20 World Cup 2024,2024-05-22T06:06:10Z
d6ESeMLFSOw,Afghanistan v Nepal | Match Highlights | ICC U19 CWC 2024,2024-01-28T12:01:31Z
Cm8EbSXiolQ,Iconic Partnerships: Mahela Jayawardena and Kumar Sangakkara | T20 World Cup,2024-05-17T04:12:53Z
AXkZRJNkOq8,Travis Head century powers Australia to World Cup glory | CWC23,2024-04-16T00:25:51Z
66aHdCoOKZQ,Pakistan v Bangladesh | Match Highlights | U19 CWC 2024,2024-02-03T16:51:39Z
PJ2fVCdp-SI,Ahmed Shehzad smashes first Pakistan T20I ton | BAN v PAK | T20WC 2014,2024-05-20T06:08:46Z
mMijxUWKNVs,Trent Boult reveals his answer when asked if this is his final #T20WorldCup appearance ğŸ‘€ #YTShorts,2024-06-15T17:17:01Z
HfOzjYHWsVI,Cricket World Cup Upsets: Bangladesh v India | CWC 2007,2024-01-21T02:00:11Z
SArpl-_PEEs,Aqib Ilyas has a catch of the tournament contender ğŸ”¥ #t20worldcup #cricket #cricketshorts #ytshorts,2024-06-06T03:09:28Z
Q6id_xEUjFE,Recapping the Best Keeping moments | U19 CWC 2024,2024-02-23T12:54:13Z
DqLiVjEbPW4,McCullum bludgeons highest tournament score | T20 World Cup,2024-05-16T00:48:02Z
RP3FxvgM6lE,Behind the scenes of England&#39;s media day | WT20WC 2024,2024-09-30T01:10:54Z
Zf_xvZv4q7c,Bangladesh v India | Match Highlights | U19 CWC 2024,2024-01-20T16:45:55Z
lRdwN9AuTF4,Muneeba Ali&#39;s maiden ton | WT20WC 2023,2024-09-05T03:05:36Z
JjgS2Wn12Ag,Final Over Thrillers: Afghanistan v West Indies | T20WC 2016,2024-03-27T11:00:27Z
gTo-lPOGPdg,Australia v India | WTC23 Final | Match Highlights,2024-02-13T03:00:17Z
bRiM0OhHvw8,Sangakkaraâ€™s brilliant 52* guides Sri Lanka to maiden title | T20WC 2014 Final,2024-04-06T10:57:37Z
2TikWKtQ7no,Jos Buttler and Alex Hales smash record partnership | Semi-final 2 | IND v ENG | T20WC 2022,2024-05-24T04:35:31Z
93oOahVPG6Q,Sri Lanka v Uganda | Match Highlights | Women&#39;s T20WC Qualifier 2024,2024-05-01T23:59:33Z
PFiGu9pbG64,Monty Desai on Nepal&#39;s performance | T20WC 2024,2024-06-15T20:55:17Z
VmnJ-vY7N40,Chris Gayle smashed the fastest ğŸ’¯ in Men&#39;s #T20WorldCup history ğŸ”¥ #cricket #cricketshorts #ytshorts,2024-05-28T06:54:37Z
thHbT9qjgqI,Harmanpreet Kaur makes history | WT20WC 2018,2024-09-06T05:17:32Z
VEa1MwmQbss,Every Heinrich Klaasen six at Cricket World Cup 2023,2024-03-28T03:38:28Z
7oSYbutEHZI,Yuvraj Singh on Good Morning America spreading the love and passion for cricket ğŸ“º #T20WorldCup,2024-06-05T12:03:38Z
jH9ATrdR6LI,Who will carve their legacy at ICC Women&#39;s #T20WorldCup 2024? ğŸ‘€ #CricketShorts #YTShorts #Cricket,2024-08-26T14:48:09Z
vsMvvitC2gA,Touching down in style for the Women&#39;s #T20WorldCup 2024 fixture launch ğŸš #cricket #cricketshorts,2024-05-09T13:07:49Z
q06EcYMViwQ,Best wicket-keeping from Cricket World Cup 2023,2024-01-14T09:40:19Z
pEMePnorNDA,Cricket World Cup 2015 Final: Australia v New Zealand | Match Highlights,2024-01-22T02:00:19Z
wMKPng_LxtY,Cricket World Cup 2007 Final: Australia v Sri Lanka | Match Highlights,2024-04-28T06:00:32Z
_zJUWoZdnu8,Every Quinton de Kock six at Cricket World Cup 2023,2024-04-03T02:31:25Z
W4PkYijBHAo,Every Ravindra Jadeja wicket at Cricket World Cup 2023,2024-04-09T01:56:16Z
XUNsF34jxME,Pakistan v Nepal | Match Highlights | U19 CWC 2024,2024-01-24T16:33:19Z
xKJOJg4MkSo,Yuvraj Singh makes history 6ï¸âƒ£ğŸ’¥#cricket #cricketreels #T20WorldCup,2024-05-26T16:30:08Z
nG-LSN2h7Bg,Every Rachin Ravindra six at Cricket World Cup 2023,2024-03-27T06:13:00Z
hGtMKmG4yaw,Every David Warner six at the T20 World Cup,2024-02-14T06:00:17Z
QXVcXQCpz_E,Cricket World Cup 1992 Final: Pakistan v England | Match Highlights,2024-01-24T03:00:25Z
eaGVgvms4wI,Behind the scenes with Afghanistan at the media day | T20WC 2024,2024-05-29T11:30:26Z
fsDrWK61k6k,India v USA | Match Highlights | U19 CWC 2024,2024-01-28T16:36:15Z
fzQbqRytaNw,Myburgh&#39;s record fifty pulls off stunning chase | T20WC 2014,2024-05-11T10:30:12Z
m8tHU39JOH0,The Best of Laura Wolvaardt | WT20WC,2024-09-17T03:36:24Z
pQ5xEiZ-5IE,Cricket World Cup 2019 Final: England v New Zealand | Match Highlights,2024-02-20T03:00:24Z
OX8OsQG1nXk,Brilliant and blissful Rashid Khan ğŸ™Œ #YTShorts #CricketShorts,2024-08-09T04:11:27Z
nEdYMNZ_ET8,Around Dubai in 24 hours ğŸ† Bringing the first stop of Women&#39;s #T20WorldCup Trophy Tour!,2024-09-04T14:08:57Z
Jk0YbWyIvUs,Ricky Ponting backs Mitchell Marsh for #T20WorldCup captaincy ğŸ‘€,2024-03-12T06:15:34Z
nEdYMNZ_ET8,Around Dubai in 24 hours ğŸ† Bringing the first stop of Women&#39;s #T20WorldCup Trophy Tour!,2024-09-04T14:08:57Z
Jk0YbWyIvUs,Ricky Ponting backs Mitchell Marsh for #T20WorldCup captaincy ğŸ‘€,2024-03-12T06:15:34Z
GzW4qSM2bbk,Cricket World Cup 1983 Final: India v West Indies | Match Highlights,2024-02-18T03:00:09Z
E9vAT8UAnp4,Indomitable Suzie Bates ready for a ninth #T20WorldCup ğŸ‘#YTShorts #CricketShorts,2024-09-13T00:21:57Z
xGhkw9sDQ1I,Lasith Malinga takes four wickets in four balls | CWC 2007,2024-03-28T00:56:34Z
fQcekKcLmqA,Poetry in motion ft. Virat Kohli ğŸ‘Œ #Cricket #CricketShorts #YTShorts,2024-03-27T13:30:18Z
PEvEwRO3V-w,One of the best to grace the #T20WorldCup is Chamari Athapaththu ğŸ™Œ #CricketShorts #YTShorts,2024-09-26T07:04:47Z
jd9GrEZP6lM,Nathan McCullum seals thrilling win for New Zealand over Sri Lanka | T20WC 2010,2024-04-30T06:37:54Z
jnKqXkD3ffc,Pitch Perfect | From Adelaide to NYC,2024-05-31T13:30:30Z
zY_pfcQuDeA,Martin Guptill hits the highest ICC Men&#39;s Cricket World Cup score | CWC 2015,2024-03-21T16:14:37Z
IX5bl-faEtU,Womenâ€™s #T20WorldCup No.6ï¸âƒ£ ft. Australia ğŸ† #cricket,2024-02-26T05:56:02Z
TwKi0plOAcQ,What a way to secure the win! ğŸ’¥ #INDvIRE #T20WorldCup,2024-06-05T17:54:14Z
q3YC4Zbtok4,"Great wicket, better celebration ğŸ¤£ #cricket #cricketshorts #ytshorts #t20worldcup",2024-06-17T05:00:42Z
6rc1SPR6PbY,India vs Australia | Final Match Highlights | U19 CWC 2024,2024-02-11T16:23:10Z
szBuFye5I_8,It&#39;s all happening at Bloemfontein ğŸ˜… #U19WorldCup #Cricket,2024-01-25T12:02:05Z
6e91jTZjsDQ,Mahli Beardman strikes in his first over ğŸ’ª #U19WorldCup #INDvAUS #Cricket,2024-02-11T13:25:45Z
yBIeBAe__uU,Deandra Dottin â€“ the best bowling figures in ICC Womenâ€™s #T20WorldCup history ğŸ‘Š #cricket #ytshorts,2024-08-29T12:31:00Z
BD608IJ3aCE,Gautam Gambhirâ€™s gritty 97 sets the stage for Indiaâ€™s World Cup triumph | CWC 2011,2024-04-02T08:41:11Z
yWV4qDouLBk,Scotland v Sri Lanka | Final | Match Highlights | Womenâ€™s T20WC Qualifier 2024,2024-05-07T23:58:49Z
YZIDpEpGSFQ,Itâ€™s been a month already ğŸ‡®ğŸ‡³ ğŸ† #T20WorldCup #cricket #ytshort,2024-07-29T12:00:36Z
8FrCr9D1na0,New Zealand v Nepal | Match Highlights | U19 CWC 2024,2024-01-21T17:04:34Z
Zu9ykAzc8aw,Charith Asalanka ğŸ¤ T20I captaincy ğŸ‡±ğŸ‡° #cricket #cricketshorts #ytshorts,2024-07-25T04:42:25Z
fa9X-7dsAq4,Ravi Shastri picks favourite moments from #T20WorldCup 2024 ğŸ‘Œ#cricketÂ #cricketreelsÂ #ICCReview,2024-08-05T13:35:18Z
o7X82vwBAbw,New Zealand and Australia play out Eden Park thriller | CWC 2015,2024-02-28T03:25:17Z
tGKBHQu8Agk,ğ˜ˆğ˜­ğ˜ª ğ˜™ğ˜¢ğ˜»ğ˜¢ ğ˜ªğ˜´ ğ˜¢ ğ˜´ğ˜¶ğ˜±ğ˜¦ğ˜³ğ˜´ğ˜µğ˜¢ğ˜³ ğ˜ªğ˜¯ ğ˜µğ˜©ğ˜¦ ğ˜®ğ˜¢ğ˜¬ğ˜ªğ˜¯ğ˜¨ ğŸ¤© #U19WorldCup #Cricket,2024-02-08T15:30:17Z
wXy4Vq2A4LM,South Africa are eyeing off #T20WorldCup silverware ğŸ†  #cricket #ytshorts #cricketshorts,2024-06-28T15:41:04Z
-0jp9XK86Dw,Sachin Tendulkar troubles Pakistan in the semi-final | CWC 2011,2024-03-30T12:07:16Z
rYf1sS-nKK0,Pakistan bring out the style and splendour ğŸ˜ #T20WorldCup #WhateverItTakes,2024-09-29T06:00:34Z
to-3fc3Sssk,Six sixes in an over ğŸ˜± | Herschelle Gibbs | CWC 2007,2024-03-18T05:32:55Z
0PnH6MSCPjM,When a boot helped Australia to a #T20WorldCup 2010 victory ğŸ† #YTShorts #CricketShorts,2024-09-24T03:05:19Z
oN8D1zze6Gw,Wahab Riaz&#39;s fiery spell against Shane Watson | CWC 2015,2024-03-20T00:30:29Z
mXhRWyb5uSI,Cricket World Cup 1999 Final: Australia v Pakistan | Match Highlights,2024-02-09T03:00:33Z
r6KnjjfvfRo,"So close, yet so far for Nepal ğŸ’”#T20WorldCup #YTShorts #CricketShorts",2024-06-15T16:26:05Z
uN5Yn8PXvMA,Ireland have their game face on ğŸ”›#Cricket #CricketShorts #YTShorts #T20WorldCup,2024-06-05T07:32:55Z
Bq08QwqOPPQ,India v Nepal | Hindi Highlights | U19 CWC 2024,2024-02-03T01:08:49Z
8wgyH2pYPzo,Best Moments from ICC U19 Men&#39;s Cricket World Cup 2024,2024-02-15T14:22:05Z
PnJ5XBhSrys,Mahela Jayawardena&#39;s first Cricket World Cup Hundred | Semi-Final 1 | CWC 2007,2024-04-24T12:01:53Z
XNsRjFZNjJ0,India skipper Harmanpreet Kaur wears the predictorâ€™sÂ hatÂ ğŸ”®ğŸ©#T20WorldCup #WhateverItTakes #ytshorts,2024-09-24T09:32:39Z
KVroGz3_wFU,A day in Ricky Ponting&#39;s life | IND v PAK | T20WC 2024,2024-06-12T13:18:52Z
IoevRVNzTSA,Rising stars to watch out for during ICC Men&#39;s #T20WorldCup 2024 â­,2024-02-24T13:30:06Z
tdiAhkOH6Sc,Australia v Pakistan | Semi-final Match Highlights | U19 CWC 2024,2024-02-08T16:35:36Z
vHbkeNjMHak,A chaotic end to Nepal&#39;s innings ğŸ‘€ #U19WorldCup #Cricket,2024-01-24T13:03:58Z
o6UM2KDuqb8,Cricket World Cup 2003 Final: Australia v India | Match Highlights,2024-03-23T03:00:39Z
JE959-VJYJA,You can count on Nigar Sultana Joty for Bangladesh at the #T20WorldCup ğŸ‘Š #YTShorts #CricketShorts,2024-09-19T06:30:38Z
ti92-GoRG9Q,Scotland&#39;s Kathryn Bryce was on ğŸ”¥ #cricket #cricketshorts  #ytshorts  #t20worldcup #cricketlover,2024-04-29T23:59:12Z
ICBMV8U6oCQ,Cricket World Cup 1996 Final: Sri Lanka v Australia | Match Highlights,2024-01-28T03:00:08Z
Dj9Ah22pXn8,Holding the #T20WorldCup trophy is a dream worth fighting for Harmanpreet KaurğŸ’ª#WhateverItTakes,2024-09-25T09:00:18Z
AvXPMUSXK6g,Brute power from Rilee Rossouw ğŸ’ª #cricket #cricketshorts #ytshorts #t20worldcup,2024-07-22T04:02:59Z
_zegt-vcFck,Ravi Shastri calls it â€“ Rishabh Pant was Indiaâ€™s surprise package at #T20WorldCup 2024 ğŸ˜® #Cricket,2024-07-31T11:25:34Z
X0neGlEYL2s,Nepal v Bangladesh | Match Highlights | U19 CWC 2024,2024-01-31T15:21:37Z
ICBMV8U6oCQ,Cricket World Cup 1996 Final: Sri Lanka v Australia | Match Highlights,2024-01-28T03:00:08Z
Dj9Ah22pXn8,Holding the #T20WorldCup trophy is a dream worth fighting for Harmanpreet KaurğŸ’ª#WhateverItTakes,2024-09-25T09:00:18Z
AvXPMUSXK6g,Brute power from Rilee Rossouw ğŸ’ª #cricket #cricketshorts #ytshorts #t20worldcup,2024-07-22T04:02:59Z
_zegt-vcFck,Ravi Shastri calls it â€“ Rishabh Pant was Indiaâ€™s surprise package at #T20WorldCup 2024 ğŸ˜® #Cricket,2024-07-31T11:25:34Z
shXcQytYKs0,Rilee Rossouw sizzles with quick-fire ton | T20 World Cup,2024-05-23T14:30:20Z
X0neGlEYL2s,Nepal v Bangladesh | Match Highlights | U19 CWC 2024,2024-01-31T15:21:37Z
I8gh-2FmAiw,South Africa&#39;s pace ace Marizanne Kapp in action | WT20WC,2024-09-15T13:30:12Z
9Sf-igXoUGY,"Your new No.1 T20I All-Rounder, Liam Livingstone ğŸ˜¤ #YTShorts #CricketShorts",2024-09-19T03:39:26Z
vJMRcp8x6HM,Another ğŸ’¯ headlines day three of the #u19worldcup #cricket,2024-01-22T02:45:48Z
LKCFPa5PbSg,A generation of world-class #T20WorldCup moments from Ellyse Perry ğŸ™Œ #YTShorts #CricketShorts,2024-09-16T05:23:09Z
5ZMRdq_aKLE,Uday Saharan won&#39;t mind a one-sided final ğŸ˜‰ #u19worldcup,2024-02-10T18:19:53Z
bP0i3dvdoyk,Brute power from Mitch Marsh ğŸ’ª #cricket #ytshorts #cricketshorts #t20worldcup,2024-02-22T06:24:41Z
Y8z8F5eJUas,Elegance personified from Naseem Shah ğŸ˜ #cricket #cricketshorts #t20worldcup,2024-02-21T05:19:39Z
E86niDWOsx0,"Musheer Khan channels his inner MS Dhoni, Sachin Tendulkar and Suryakumar Yadav ğŸ˜ #U19WorldCup",2024-01-31T14:19:09Z
1AkzAtcfKMM,Melie Kerr is box office #T20WorldCup viewing ğŸ¿ #YTShorts #CricketShorts,2024-09-20T00:45:58Z
KVroGz3_wFU,A day in Ricky Ponting&#39;s life | IND v PAK | T20WC 2024,2024-06-12T13:18:52Z
FmxUczRFGXg,Mason Clarke â€“ Pat Cummins 2.0 in the making? #u19worldcup,2024-01-22T04:00:06Z
SwWI7udDrdQ,"Ottneil Baartman, the man for pressure moments ğŸ‘#T20WorldCup #YTShorts #CricketShorts",2024-06-15T16:58:21Z
BNmmjvDI9cc,Classic Shaheen Afridi ğŸ¤© #T20WorldCup #YTShorts,2024-06-16T15:33:05Z
SrMVD4g7mBo,Heather Knight in full flight ğŸ’¥ #cricket #cricketshorts #ytshorts #t20worldcup,2024-07-18T02:40:06Z
g5PRWSEQ3mQ,An outfield stunner from Mohammed Siraj ğŸ˜² #cricket #cricketshorts #ytshorts #t20worldcup,2024-06-13T00:04:11Z
V95i8Bf4xIY,Heather Knight&#39;s starring century | WT20WC 2020,2024-09-09T05:57:00Z
4sOp63JN0_U,Innovation flows in Musheer Khan&#39;s veins ğŸ‘€ #U19WorldCup #Cricket,2024-01-30T09:16:14Z
Kssuzj1Bnsk,Anrich Nortje has the last laugh ğŸ™Œ #cricket #cricketshorts #ytshorts #t20worldcup,2024-06-20T01:24:40Z
Bn9DNoMIocg,Very lucky for Rahmanullah Gurbaz ğŸ‘€ #cricket #cricketshorts #ytshorts #t20worldcup,2024-06-08T01:39:15Z
EtOvBc88WG0,Unbelievable from Jos Buttler ğŸ˜®â€ğŸ’¨ #cricket #cricketshorts #ytshorts #t20worldcup,2024-06-22T00:25:38Z
Md58qgxARb4,Count the Ash Gardner wickets in this #T20WorldCup effort ğŸ–ï¸ #YTShorts #CricketShorts,2024-09-18T06:31:45Z
qxrdHWl-VZw,When Hayley Matthews left Stafanie Taylor in awe during the 2016 #T20WorldCup Final ğŸ˜² #CricketShorts,2024-04-05T10:48:03Z
xQzBbgkgUwM,Brothers of destruction ğŸ¤œ ğŸ¤› #U19WorldCup #Cricket,2024-01-27T09:31:14Z
pWVpRAcEnT8,Stand and deliver from Travis Head ğŸ’¥ #cricket #cricketshorts #ytshorts #t20worldcup,2024-07-24T02:28:34Z
ch83FMd_F2A,Steve Smith&#39;s superb semi-final hundred against India | CWC 2015,2024-03-26T03:38:57Z
r58kP4JneaE,South Africa&#39;s best yet to come? Ricky Ponting thinks so ğŸ˜® #t20worldcup #cricketshorts,2024-06-26T17:49:47Z
BOaApqgfmsQ,Pakistan fightback with wickets in back-to-back overs ğŸ”¥ #U19WorldCup #Cricket,2024-02-08T13:32:35Z
LoI8MPvjvEA,Out of this World EP. 1 | USA v CAN | T20WC 2024,2024-06-01T13:30:07Z
JCgzSqBIumE,Pakistan v New Zealand | Match Highlights | U19 CWC 2024,2024-01-27T13:41:38Z
DTCUCAqhetc,Nigar Sultana Joty&#39;s Journey | WT20WC,2024-09-19T06:43:17Z
ZyYTmaNKP74,5ï¸âƒ£0ï¸âƒ£ #T20WorldCup wickets. Nine editions. One Shakib Al Hasan. #INDvBAN,2024-06-22T19:28:43Z
CADArZ53fdg,First ğŸ’¯ by an Indian in T20Is! Suresh Raina ğŸ™Œ #CricketÂ #CricketShortsÂ #YTShorts,2024-05-02T10:47:10Z
QBNKwOshWM4,Pakistan&#39;s opening #T20WorldCup games â¡ï¸ Two epic final-ball thrillers ğŸ¤¯ #ytshorts #cricketshorts,2024-06-07T18:20:01Z
3uKvZC7tdsE,Carlos Brathwaiteâ€™s heroics in the 2016 #T20WorldCup final with baseball-friendly commentary âš¾ğŸ,2024-04-04T14:52:39Z
DEkkeyUJb0A,Brute strength from Rovman Powell ğŸ’ª #cricket #cricketshorts #ytshorts #t20worldcup,2024-08-15T04:51:29Z
RVLgDBgiyTQ,Every Chris Gayle Six | T20 World Cup,2024-05-22T05:38:31Z
OstXsWA_VrU,Ali Raza sends the off-stump flying! âœˆï¸  #U19WorldCup #Cricket,2024-02-08T13:02:20Z
-_BZEiDF2hY,Sri Lanka v Thailand | Match Highlights | Womenâ€™s T20WC Qualifier 2024,2024-04-26T03:40:29Z
4stmNOSnGAI,The spinning Sophie Ecclestone is ready for #T20WorldCup 2024 ğŸ #CricketShorts #YTShorts,2024-09-25T06:36:08Z
FHF6aTqBXbU,Pakistan v Afghanistan | Match Highlights | U19 CWC 2024,2024-01-21T06:38:07Z
GDzSRQg_Si4,Dottin&#39;s record-breaking day | WT20WC 2018,2024-08-30T00:52:57Z
xWNQ0BK1ims,Power and finesse from Marcus Stoinis ğŸ™Œ #cricket #cricketshorts #ytshorts #t20worldcup,2024-06-16T06:27:25Z
IMSWLz4dAZc,India v New Zealand | Hindi Highlights | U19 CWC 2024,2024-01-31T04:30:11Z
3iH7kGjUFsM,Thailand v Scotland | Match Highlights | Womenâ€™s T20WC Qualifier 2024,2024-05-03T16:24:32Z
RVLgDBgiyTQ,Every Chris Gayle Six | T20 World Cup,2024-05-22T05:38:31Z
LoI8MPvjvEA,Out of this World EP. 1 | USA v CAN | T20WC 2024,2024-06-01T13:30:07Z
mFO2LRccVA0,Zimbabwe v South Africa | Match Highlights | U19 CWC 2024,2024-01-31T13:04:26Z
QCz3qGjZigo,Michael Clarke leads Australia to fifth World Cup title in his final ODI innings | CWC 2015,2024-03-29T05:08:44Z
rNYnO2ERNiw,Laura Wolvaardt #T20WorldCup moments ğŸ #YTShorts #CricketShorts,2024-09-17T04:55:43Z
zKkhSwcrBMo,A century of the highest class from Musheer Khan ğŸ‘Œ #U19WorldCup #Cricket,2024-01-25T12:05:14Z
sNfzpP2KNpY,What does the future hold for Harmanpreet Kaur beyond the #T20WorldCup? ğŸ‘€ #ytshorts #WhateverItTakes,2024-09-22T10:30:22Z
I8gh-2FmAiw,South Africa&#39;s pace ace Marizanne Kapp in action | WT20WC,2024-09-15T13:30:12Z
1qwKJPSE8so,"Inspired by the legends, Kwena Maphaka is certainly learning from the best ğŸŒŸ #U19WorldCup #Cricket",2024-01-23T10:58:28Z
FhhvgULlaRY,Naman Tiwari picks up two wickets in two overs ğŸ‘Š #U19WorldCup #INDvAUS #Cricket,2024-02-11T09:58:24Z
eEixgrNGeNQ,Yuvraj Singh smashing six 6s ğŸ”¥ #cricket #cricketshorts #t20worldcup,2024-02-22T16:10:19Z
tZVcoXWIZUs,Scotland are Bangladesh-bound for the Women&#39;s #T20WorldCup 2024 ğŸ’ª#cricket #cricketshorts #YTShorts,2024-05-05T17:34:08Z
RzPJhX7F0SU,Champions at the ICC Women&#39;s #T20WorldCup 2024 Qualifier ğŸ¤© #cricket #cricketshorts #YTShorts,2024-05-07T19:50:09Z
q82GQQXWkbo,Safyaan Sharif ğŸ¤ Cristiano Ronaldo  #T20WorldCup #cricket #cricketshorts #ytshorts,2024-06-10T07:00:01Z
xlMd6d7wPuQ,Sri Lanka v West Indies | Match Highlights | U19 CWC 2024,2024-01-30T16:53:10Z
3epdc7Fak3Y,New Zealand v Afghanistan | Match Highlights | U19 CWC 2024,2024-01-23T16:22:12Z
QNSKis7xmaI,Naseer Khan Maroofkhil catches the non-striker Ewald Schreuder short ğŸ‘€#U19WorldCup #Cricket,2024-01-23T12:53:24Z
1akdLMn75QA,Subash Bhandari shatters the stumps ğŸ‘Š #U19WorldCup #Cricket,2024-01-31T14:07:24Z
TVc0lK9nmbQ,Rohit Sharma is yet to process his T20I retirement ğŸ˜#SLvIND #cricketÂ #cricketreels,2024-08-01T16:12:10Z
EE9hpSfag4s,Mark Watt bamboozles Glenn Maxwell ğŸ‘€ #cricket #cricketshorts #ytshorts #t20worldcup,2024-06-16T08:30:06Z
3_e10mPnIr8,The day two #u19worldcup recap inside a minute â± #cricket,2024-01-21T00:00:01Z
V95i8Bf4xIY,Heather Knight&#39;s starring century | WT20WC 2020,2024-09-09T05:57:00Z
bGt6tUG26mo,Rohit Sharma takes a cheeky dig at Australia ğŸ‘€ #cricket #cricketshorts #ytshorts #t20worldcup,2024-06-27T00:52:09Z
7kzFNFVmeP4,Sri Lanka v Zimbabwe | Match Highlights | U19 CWC 2024,2024-01-21T17:17:08Z
RO_wsyXxs7s,Aerial view of Nassau County International Cricket Stadium | T20 World Cup 2024,2024-04-02T16:25:52Z
yOUy27nZJPY,Cricket World Cup Upsets: Ireland v England | CWC 2011,2024-01-25T03:00:35Z
tPiz_px4_1g,Ponting talks India v Pakistan T20 World Cup match in New York | The ICC Review,2024-03-14T15:07:16Z
A0k66aYwKG4,It went right down to the wire but New Zealand come out on top ğŸ‘#U19WorldCup #Cricket,2024-01-23T12:58:58Z
-_BZEiDF2hY,Sri Lanka v Thailand | Match Highlights | Womenâ€™s T20WC Qualifier 2024,2024-04-26T03:40:29Z
A6US1CV2dwM,"A special ton from a special player â€” take a bow, Ariful Islam ğŸ™Œ#U19WorldCup #Cricket",2024-01-26T16:43:41Z
3iH7kGjUFsM,Thailand v Scotland | Match Highlights | Womenâ€™s T20WC Qualifier 2024,2024-05-03T16:24:32Z
Bcw4U1ir3L8,Joining forces to help ğŸ‡µğŸ‡° shine ğŸŒŸ#T20WorldCup #WhateverItTakes,2024-09-30T08:26:15Z
KxXPiLz_mmI,Sophie Devine&#39;s ninth #T20WorldCup loading âŒ›#YTShorts #CricketShorts,2024-09-12T00:53:20Z
hbHzETYpGgc,An agonising end to ğŸ‡µğŸ‡°&#39;s #U19WorldCup 2024 campaign.#Cricket #ytshorts,2024-02-09T06:54:41Z
BT4ogeIXIWE,Sam Curran is the all-round excitement package ğŸ“¦ #YTShorts #CricketShorts,2024-08-06T06:50:58Z
WqLDuWULf8s,An MS Dhoni masterclass against Zimbabwe | CWC 2015,2024-03-14T14:43:11Z
3KCKNhjcvFo,Final Over Thrillers: England v New Zealand | CWC 2019,2024-01-20T02:00:02Z
4KcdNmpBIvk,Suryakumar Yadav wins ICC Menâ€™s T20I Cricket of the Year award second year in a row.,2024-01-24T17:00:03Z
GDzSRQg_Si4,Dottin&#39;s record-breaking day | WT20WC 2018,2024-08-30T00:52:57Z
pH80XssXni0,Stephan Myburgh hammers a hat-trick of sixes in #T20WorldCup 2014 ğŸ¤¯ #cricket #shorts #ytshorts,2024-05-11T10:30:15Z
FJXjw8HKWv4,India v Ireland | Match Highlights | U19 CWC 2024,2024-01-25T22:23:04Z
3C6r1C9JpcQ,Kwena Maphaka strikes on ball one! ğŸ‘Š#U19WorldCup #Cricket #ytshorts,2024-02-06T12:16:21Z
P9BJ8-ubSNI,Australia v England | Match Highlights | U19 CWC 2024,2024-01-31T16:40:39Z
N5ri7v695Gs,Pakistan v Ireland | Match Highlights | U19 CWC 2024,2024-01-30T16:51:24Z
sLd1ep4lE_0,Jishan Alam is in the mood ğŸ”¥ #U19WorldCup #Cricket,2024-01-31T12:34:45Z
LGcj1J6fUnU,Lauren Bell loves taking wickets ğŸ˜,2024-07-31T07:10:30Z
HnpQPiMWTTM,Experience the atmosphere of a full crowd ğŸŸ #T20WorldCup #cricketÂ #CricketShorts #YTShorts,2024-03-13T15:39:37Z
jBZBGtDxRrU,Ireland v Scotland | Semi-final 1 | Match Highlights | Womenâ€™s T20WC Qualifier 2024,2024-05-05T14:56:49Z
mSdssuuTa9M,Who wouldn&#39;t want Harmanpreet Kaur in their #T20WorldCup side?! ğŸ¤© #YTShorts #CricketShorts,2024-05-13T12:00:45Z
tf193pIbq24,Clinical Ramdin stumpings derail Pakistan in #T20WorldCup 2014 ğŸ‘Š #cricket #cricketshorts #ytshorts,2024-04-01T10:14:06Z
tf193pIbq24,Clinical Ramdin stumpings derail Pakistan in #T20WorldCup 2014 ğŸ‘Š #cricket #cricketshorts #ytshorts,2024-04-01T10:14:06Z
7XMKivKcG1g,An absolute beauty from Saad Bin Zafar ğŸ¤© #T20WorldCup #cricketshorts #ytshorts,2024-06-07T18:22:20Z
pTcHSFrkM-E,Records tumble in SamoağŸ˜² #cricket #cricketshorts #ytshorts #t20worldcup,2024-08-20T02:06:35Z
U6mG1fmmj0E,Sri Lanka v Namibia | Match Highlights | U19 CWC 2024,2024-01-24T14:00:26Z
jyTj0V2J_TU,Pure emotions of first Men&#39;s #T20WorldCup win ğŸ¤© #CANvIRE #CricketShorts #YTshorts,2024-06-07T19:45:04Z
wbOkEmSSxqs,Curtly Ambrose visits Nassau County International Cricket Stadium in New York | T20WC 2024,2024-05-17T13:57:43Z
vXs6uHSvDt0,How a heartbreaking loss sparked Amelia Kerrâ€™s New Zealand dreams ğŸ‡³ğŸ‡¿ #cricketshorts #ytshorts,2024-08-25T13:30:27Z
scy500HGh20,Musheer Khan pulls the momentum back towards ğŸ‡®ğŸ‡³ #U19WorldCup #Cricket,2024-02-06T11:47:18Z
DfaAt8HtT9E,Ricky Ponting hails Afghanistan&#39;s fairytale T20 World Cup campaign,2024-07-01T15:39:50Z
-eFZrpmKSyE,Amir Hassan on target ğŸ¯ #U19WorldCup #Cricket,2024-01-30T12:19:37Z
HNAiNAe0NMo,"Bask in the applause, Musheer Khan ğŸ™Œ #U19WorldCup #Cricket",2024-01-30T13:56:30Z
307HgUmFvHQ,Match Highlights | Bangladesh v USA | U19 CWC 2024,2024-01-26T16:15:04Z
uyjEaBVz3ZY,The Wanindu Hasaranga magic ğŸª„ #cricket #cricketshorts #ytshorts #T20WorldCup,2024-05-12T08:30:14Z
hq_h0Ivn4Oc,Australia v Sri Lanka | Match Highlights | ICC U19 Menâ€™s CWC 2024,2024-01-28T16:35:24Z
3tE7S9xQeZg,Murugan Abhishek with two stunning catches in two games ğŸ”¥ #cricket #u19worldcup,2024-01-26T02:30:02Z
XJ6GadIvG_w,Australia clinch their fourth ICC Men&#39;s #U19WorldCup title ğŸ† #INDvAUS #Cricket,2024-02-11T15:32:18Z
PpzgCH05_H0,Tom Straker finishes with a six-for! ğŸ’¥ #U19WorldCup #Cricket,2024-02-08T11:40:16Z
Wfk1c9AdVFQ,Inside-out Tristan Stubbs at #T20WorldCup 2022 ğŸ‘ #CricketLover #SouthAfrica #TristanStubbs,2024-04-08T07:34:44Z
Y9BmC3hpcs4,Windies openers are on the charge early! #U19WorldCup #Cricket,2024-01-30T13:00:08Z
DIgk6Qircyk,Who is Lhuan-dre Pretorius more similar to? Quinton de Kock or GraemeÂ Smith?Â ğŸ¤”,2024-02-02T13:53:48Z
mpB784NR_kw,Callum Vidler makes an absolute mess of the stumps ğŸ˜µ #U19WorldCup #Cricket,2024-01-22T09:02:40Z
-HWaVTYInRU,Rashid Khan putting Scotland in a spin ahead of #t20worldcup ğŸ”¥ #cricket #cricketshorts #ytshorts,2024-06-01T00:41:04Z
gHL1h8cS3ms,South Africa v Sri Lanka | Match Highlights | U19 CWC 2024,2024-02-02T15:24:52Z
s_TVhNVrHdw,"Nassau County International Cricket Stadium, New York ğŸŸï¸ #T20WorldCup #cricket #ytshorts",2024-03-05T13:15:33Z
ckYhAnlcITY,Steve Stolk is picking up right where he left off ğŸ’¥ #U19WorldCup #Cricket,2024-01-31T11:33:27Z
98jrHJV6XrQ,Behind the scenes with Netherlands at the media day | T20WC 2024,2024-06-01T11:30:04Z
Lt6XZoR0gOA,Two matches. Two similar shots. Two different outcomes ğŸ˜²#U19WorldCup #Cricket #ytshorts,2024-02-09T09:29:08Z
9h1e8gygytw,What a grab from USA&#39;s Manav Nayak ğŸ˜¯ #U19WorldCup #Cricket,2024-01-26T11:00:21Z
Emuz794fevw,Grant Elliott powers New Zealand to the #CWC15 Final ğŸ”¥ #cricket #ytshorts #cricketshorts,2024-03-24T08:00:39Z
XBvnLpTJ6Uk,India v South Africa | Semi-final Match Highlights | U19 CWC 2024,2024-02-06T16:32:32Z
jF6M1lClWM4,Ravishan De Silva&#39;s six lands on the roof ğŸ¤¯ #U19WorldCup #Cricket,2024-01-21T12:29:54Z
cbgqWvBF_TY,At the nets with India&#39;s #u19worldcup  stars #cricket,2024-01-26T01:30:16Z
tbH_1wfXwqo,The thrilling #U19WorldCup semi-final finish between India and South Africa from the box #cricket,2024-02-07T06:24:55Z
W63IowYmQcM,Emotions run high as Nepal clinch thrilling triumph | U19 CWC 2024,2024-01-27T00:18:49Z
h8gKgg4gJoA,Usain Bolt and stars across the world welcome you to New York for the #T20WorldCup ğŸ—½ #CricketShorts,2024-05-16T04:42:19Z
aAJj3ZwJn0U,West Indies v Scotland Match Highlights | ICC U19 Menâ€™s CWC 2024,2024-01-24T15:49:07Z
ewe-M-fCmFo,Deandra Dottin comes out of retirement ahead of Womenâ€™s #T20WorldCup ğŸ’¥ #cricket #ytshort,2024-07-29T14:01:26Z
1U46eg1jBqY,An innings to savour from Ariful Islam ğŸ™Œ #U19WorldCup #Cricket,2024-01-26T11:43:24Z
ZTJf_Yj5Ogo,A dream start for Raj Limbani and India ğŸ˜ #U19WorldCup #Cricket,2024-01-30T12:52:41Z
85kJu955hDY,Australia v Namibia | Match Highlights | U19 CWC 2024,2024-01-22T13:27:58Z
mqLdayh9_wk,A familiar celebration from Nathan Sealy ğŸ‘€ #U19WorldCup #Cricket,2024-01-19T09:54:27Z
z7MYnvwdSjY,Glorious from Markram ğŸ˜®â€ğŸ’¨ #T20WorldCup #SLvSA #CricketShorts,2024-06-03T17:48:05Z
YlnMjvGYrKI,Ireland v Vanuatu | Match Highlights | Women&#39;s T20WC Qualifier 2024,2024-05-01T23:18:18Z
gHENmQidHSM,Revisiting the epic Australia vs Afghanistan clash at CWC23 | T20WC 2024,2024-06-22T07:47:23Z
nDo7n7V-jlo,Mahli Beardman has the leg stump flat on the ground ğŸ’¥ #U19WorldCup #Cricket,2024-01-28T11:26:08Z
Hr-3xJ3Gjlk,The one team Harmanpreet Kaur wants to beat in the #T20WorldCup ğŸ‘€#ytshorts #cricket #cricketshorts,2024-05-14T15:30:04Z
5IqNfkOR7Zg,Junior Kariata shows incredible reflexes to pull off a run-out ğŸ™Œ #cricket #u19worldcup,2024-01-24T10:06:03Z
c_CnIap0Gb8,India v Ireland | Hindi Highlights | U19 CWC 2024,2024-01-26T03:00:22Z
iOg_oxs93PU,What it means to replicate a great feat ğŸ† #u19worldcup,2024-02-12T17:01:49Z
XnE-nw5BytI,Glenn Phillips Superman ğŸ¦¸ #T20WorldCup #Cricket #cricketshorts #ytshorts,2024-06-05T07:07:38Z
1CPy0P6Nny0,Inside the #T20WorldCup 2024 commercial&#39;s production ğŸ¤©#cricketÂ #cricketshorts #YTShorts,2024-03-14T14:30:28Z
gHENmQidHSM,Revisiting the epic Australia vs Afghanistan clash at CWC23 | T20WC 2024,2024-06-22T07:47:23Z
yOUy27nZJPY,Cricket World Cup Upsets: Ireland v England | CWC 2011,2024-01-25T03:00:35Z
iFBT9LwlYAw,Sophie Devine&#39;s Best With the Bat | WT20WC,2024-09-12T00:57:25Z
g2ma5wXXSes,Scotland v Uganda | Match Highlights | Womenâ€™s T20WC Qualifier 2024,2024-04-26T00:48:34Z
zJi5GVrsq7Y,Thailand v USA | Match Highlights | Womenâ€™s T20WC Qualifier 2024,2024-05-01T23:09:01Z
babnDXUdwqc,A #T20WorldCup 2014 trophy-winning performance by Sarah Coyte ğŸ‘Š#Shorts #CricketShorts #Cricket,2024-04-06T07:34:02Z
5OAg_vEKWnw,Musheer Khan slog sweeps with authority ğŸ‘Š #U19WorldCup #Cricket,2024-01-30T10:46:34Z
XnE-nw5BytI,Glenn Phillips Superman ğŸ¦¸ #T20WorldCup #Cricket #cricketshorts #ytshorts,2024-06-05T07:07:38Z
ccT8a39GY_4,&#39;Out of this World&#39; Action Heads to New York | Sri Lanka v South Africa | T20 World Cup,2024-06-03T02:46:38Z
gHL1h8cS3ms,South Africa v Sri Lanka | Match Highlights | U19 CWC 2024,2024-02-02T15:24:52Z
SoiMJptmcKk,Bangladesh and Nigar Sultana look forward to the West Indies challenge at the #T20WorldCup ğŸ‘€,2024-05-13T01:04:53Z
Ml63_vvsseA,Match Highlights | England v West Indies | U19 CWC 2024,2024-01-26T16:08:35Z
kdeG4hhx4Cc,Netherlands v UAE | Match Highlights | Womenâ€™s T20WC Qualifier 2024,2024-04-30T00:40:30Z
iKS5DAGn9NM,"Stepping up a final, will we see Sophie Molineux star at #T20WorldCup 2024? ğŸ† #cricketshorts",2024-03-18T05:27:53Z
3tE7S9xQeZg,Murugan Abhishek with two stunning catches in two games ğŸ”¥ #cricket #u19worldcup,2024-01-26T02:30:02Z
Wg-Hwt6A5GM,UAE v Zimbabwe | Match Highlights | Womenâ€™s T20WC Qualifier 2024,2024-04-27T20:00:07Z
tbH_1wfXwqo,The thrilling #U19WorldCup semi-final finish between India and South Africa from the box #cricket,2024-02-07T06:24:55Z
85mWvMYIk-c,Who is Chris Gayle calling? ğŸ˜‰ #cricket #shorts #cricketshorts #T20WorldCup,2024-05-04T15:15:00Z
cBPepKllV8M,Marcus Stoinis on a rampage in Perth at #T20WorldCup 2022 ğŸ‘Š #YTShorts #CricketShorts,2024-05-20T04:07:28Z
yIWBdvKtcyc,West Indies on target ğŸ¯ #U19WorldCup #Cricket,2024-01-19T10:31:17Z
DTCUCAqhetc,Nigar Sultana Joty&#39;s Journey | WT20WC,2024-09-19T06:43:17Z
Qrihu5QkYmM,Big hits on display ft. Arshin Kulkarni ğŸ’ª #U19WorldCup #Cricket,2024-01-28T09:46:20Z
c_CnIap0Gb8,India v Ireland | Hindi Highlights | U19 CWC 2024,2024-01-26T03:00:22Z
PEaUEkeweoE,Australia are through to the final of ICC Men&#39;s #U19WorldCup 2024! #Cricket #ytshorts,2024-02-08T16:06:47Z
307HgUmFvHQ,Match Highlights | Bangladesh v USA | U19 CWC 2024,2024-01-26T16:15:04Z
FJG3miEq9AQ,Top ğŸ’¯ for Shahzaib Khan ğŸ¤© #u19worldcup #cricket,2024-01-20T11:54:24Z
GfVM1LhAolM,If Shahid Afridi could turn back time â° #Cricket #CricketShorts #YTShorts #T20WorldCup,2024-05-26T10:51:31Z
2-ZMELEiymQ,Jofra Archer is home! ğŸ´ó §ó ¢ó ¥ó ®ó §ó ¿ğŸŒ´ #T20WorldCup #CricketShorts #YTShorts,2024-06-04T12:43:35Z
_fkjKktCo6Y,ğŸ’¯ days to go! ğŸ’¯ reasons to celebrate ğŸ˜ #Cricket #T20WorldCup,2024-02-22T15:14:54Z
5yfXsKO6_rA,UAE v Vanuatu | Match Highlights | Womenâ€™s T20WC Qualifier 2024,2024-05-03T16:52:33Z
2cYlJ9cekug,Matt Rowe sends the off stump flying ğŸ˜µ #U19WorldCup #Cricket,2024-01-23T09:27:15Z
4RzpJ_3J6iU,Supun Waduge in the thick of action as South Africa lose two in two ğŸ‘Š #U19WorldCup #Cricket,2024-02-02T10:00:35Z
WH4xO3JFXRE,Yuvraj backs Rohit Sharma to deliver for India,2024-05-07T02:34:49Z
hpS0y6hh6n0,Australia deal an early blow by dismissing Arshin Kulkarni ğŸ‘Š #U19WorldCup #INDvAUS #Cricket,2024-02-11T12:38:48Z
OyuyA6QAJME,What this sport makes you feel. #T20WorldCup #INDvBAN  #cricket,2024-06-22T19:29:43Z
bkxmYCtG_3c,Uganda v Thailand | Match Highlights | Womenâ€™s T20WC Qualifier 2024,2024-04-30T00:58:26Z
hj_hgsU5d5I,Soothing symphony of willow ft. Zimbabwe ğŸ #U19WorldCup #Cricket,2024-01-30T14:56:40Z
XBvnLpTJ6Uk,India v South Africa | Semi-final Match Highlights | U19 CWC 2024,2024-02-06T16:32:32Z
d7aLymp8wKQ,Something Out Of This World is coming this June ğŸâ˜„ï¸ğŸŒ´ğŸ‡ºğŸ‡¸ #cricket #t20worldcup,2024-02-22T14:25:42Z
7_dEhtor_Jc,Kohli&#39;s golden arm strikes in #T20WorldCup 2016 semi-final ğŸ¤¯ #cricket #cricketshortsÂ #ytshorts,2024-03-31T10:30:02Z
s2tghBRyylo,Netherlands v Zimbabwe | Match Highlights | Women&#39;s T20WC Qualifier 2024,2024-05-01T23:54:47Z
Qq0_jbPWAHo,Final Over Thrillers: England v Sri Lanka | CWC 2007,2024-04-04T12:30:16Z
VrcoULjGjOE,Zimbabwe v Vanuatu | Match Highlights | Womenâ€™s T20WC Qualifier 2024,2024-04-26T00:36:54Z
G8zJl6-jP90,Scotland v England | Match Highlights | U19 CWC 2024,2024-01-21T10:40:28Z
87Xp4ms_cm4,The #T20WorldCup trophy moves its way to - and through - Pakistan with thanks to @DPWorld! ğŸ¤© ğŸ‡µğŸ‡° ğŸ†,2024-09-24T07:18:38Z
BLBPoWOkEBQ,Josh Hazlewood&#39;s response on the possibility of knocking England out of the #T20WorldCup 2024 ğŸ‘€,2024-06-12T14:58:16Z
DtI1wg-7y0g,Uganda v USA | Match Highlights | Womenâ€™s T20WC Qualifier 2024,2024-04-27T15:22:25Z
Nj-Xb9TMCaU,Mohammad Zeeshan&#39;s view from the top ğŸ‘€ ğŸ”ï¸ #U19WorldCup #Cricket,2024-01-19T04:00:08Z
1kWqvP04dbE,Ali Khan sets sights on Virat Kohli and Babar Azam at the #T20WorldCup ğŸ‘€ #Cricket #CricketShorts,2024-03-27T12:03:53Z
kdeG4hhx4Cc,Netherlands v UAE | Match Highlights | Womenâ€™s T20WC Qualifier 2024,2024-04-30T00:40:30Z
QjnfS9viMWg,Alyssa Healy&#39;s Final batting blitz | CWC 2022,2024-04-03T14:47:18Z
-c1LfSQkBaI,The nets is a dangerous place to be when Rashid Khan is batting ğŸ¥µ#T20WorldCup #Ytshorts,2024-06-07T14:06:16Z
RiH4EIkcBJw,Out of this World Preview | SL v BAN | T20WC 2024,2024-06-07T12:46:34Z
_fkjKktCo6Y,ğŸ’¯ days to go! ğŸ’¯ reasons to celebrate ğŸ˜ #Cricket #T20WorldCup,2024-02-22T15:14:54Z
hs-PvWN0TSM,Cricket World Cup Upsets: Zimbabwe v India | CWC 1999,2024-01-31T03:00:20Z
1MIWFRANktE,Pakistan punch their semi-final ticket with a thrilling win over Bangladesh ğŸ”¥ #U19WorldCup #Cricket,2024-02-03T15:21:46Z
4RzpJ_3J6iU,Supun Waduge in the thick of action as South Africa lose two in two ğŸ‘Š #U19WorldCup #Cricket,2024-02-02T10:00:35Z
rjNqMq1-p64,"New York, thank you for the incredible memories and unforgettable experiences ğŸğŸ—½ #T20WorldCup",2024-06-14T15:54:43Z
P9ff4RZCXPI,Out of this World Preview | IND v PAK | T20WC 2024,2024-06-09T04:57:22Z
QCRqe4Zh4KU,A milestone to cherish for Jewel Andrew ğŸ¤© #U19WorldCup #cricket,2024-01-19T15:24:32Z
5yfXsKO6_rA,UAE v Vanuatu | Match Highlights | Womenâ€™s T20WC Qualifier 2024,2024-05-03T16:52:33Z
yj8NqMAAb_g,Ellyse Perry is a superstar ğŸ¤© #cricket #ellyseperry #cricketshorts #ytshorts,2024-03-13T03:40:26Z
3A8oJTF0wFI,Digital Daily EP. 1 | USA v CAN | T20WC 2024,2024-06-02T07:11:13Z
WH4xO3JFXRE,Yuvraj backs Rohit Sharma to deliver for India,2024-05-07T02:34:49Z
eeLW4bIU14w,India and Australia dominated on day seven of the 2024 #u19worldcup #cricket,2024-01-26T00:46:30Z
bkxmYCtG_3c,Uganda v Thailand | Match Highlights | Womenâ€™s T20WC Qualifier 2024,2024-04-30T00:58:26Z
lnspXHK-HOY,Ireland v Zimbabwe | Match Highlights | Womenâ€™s T20WC Qualifier 2024,2024-04-29T15:25:02Z
W0EFm0I1rDg,Ruben Trumpelmann is hoping it is once again his day against Scotland ğŸ‡³ğŸ‡¦#NAMvSCO #T20WorldCup,2024-06-06T19:01:39Z
s2tghBRyylo,Netherlands v Zimbabwe | Match Highlights | Women&#39;s T20WC Qualifier 2024,2024-05-01T23:54:47Z
VrcoULjGjOE,Zimbabwe v Vanuatu | Match Highlights | Womenâ€™s T20WC Qualifier 2024,2024-04-26T00:36:54Z
DtI1wg-7y0g,Uganda v USA | Match Highlights | Womenâ€™s T20WC Qualifier 2024,2024-04-27T15:22:25Z
Q_aFwIGDhfs,Cricket World Cup Upsets: Kenya v Sri Lanka | CWC 2003,2024-02-26T05:00:16Z
Rd43N0CgQDw,A sneak peek into India&#39;s prep ahead of the #U19WorldCup semi-final #cricket #cricketshorts,2024-02-06T03:41:20Z
Lb_-WQijEXQ,Oscar Jackson hangs on to a brilliant catch paddling back ğŸ‘Œ #U19WorldCup #Cricket,2024-01-23T08:46:42Z
U2P-yOp5yko,Final Over Thrillers: Australia v India | CWC 2022,2024-03-19T02:07:14Z
dXRENzyQMoU,Ireland v UAE | Match Highlights | Womenâ€™s T20WC Qualifier 2024,2024-04-26T03:44:19Z
7_ElivrdRVc,&#39;ğ˜›ğ˜©ğ˜¦ ğ˜”ğ˜°ğ˜¯ğ˜´ğ˜µğ˜¦ğ˜³ ğ˜›ğ˜³ğ˜¶ğ˜¤ğ˜¬&#39; Straker ğŸ’¥ #U19WorldCup #Cricket,2024-02-08T15:12:14Z
ey5XmMAvq9s,Australia pick two wickets in quick time ğŸ”¥ #U19WorldCup #INDvAUS #Cricket,2024-02-11T14:16:28Z
FSfnGhJgfL8,The No.1 Women&#39;s T20I bowler â€“ Sophie Ecclestone ğŸ˜ #cricket #cricketshorts #t20worldcup,2024-03-01T14:13:21Z
EE1gqMZnZo4,Precision and power â€“ Steve Wedderburn shows off his range ğŸ‘ #U19WorldCup #Cricket,2024-01-30T13:54:00Z
arR_a6xKYXc,Out of this World Preview | ENG v SCO | T20WC 2024,2024-06-04T07:30:00Z
bkPGFAAF5Lw,Kuldeep Yadav reacts to two of his most iconic dismissalsğŸ‘ #T20WorldCup #cricketshorts #ytshorts,2024-05-30T15:30:09Z
rKI8cyGxkW4,Get to know India&#39;s #U19WorldCup team #cricket,2024-01-23T00:31:17Z
UISo7MfLrOs,An eventful finish to India&#39;s innings ğŸ‘€ #U19WorldCup #Cricket,2024-01-25T12:07:39Z
FAhSdTFweEQ,Dilhara overcomes Bopara&#39;s resilience in #CWC07 ğŸ‘Œ #Cricket #CricketShorts #YTShorts,2024-04-04T12:30:09Z
1KbthIoQGGs,Hayley Matthews crowned the ICC Women&#39;s T20I Cricketer of the Year for 2023,2024-01-24T16:22:03Z
2fr2GqKDllE,Kwena Maphaka seals the win with a ripper ğŸ˜ #U19WorldCup #Cricket,2024-01-19T15:55:22Z
L7Eh8oG7chk,Ahmad Hassan flattens the off stump with a peach ğŸ‘ #U19WorldCup #Cricket,2024-01-24T09:06:29Z
uyejiFYcACY,Robbie Foulkes grabs a stunning catch off his own bowling ğŸ”¥ #U19WorldCup #Cricket,2024-02-03T10:40:50Z
Fppj7nwFkjU,Matthew Schonken produces an absolute ripper ğŸ¤© #U19WorldCup #Cricket,2024-01-21T11:53:28Z
9yD6sfPvsxs,Stephan Pascal times his leap to perfection to hold on to a stunning catch ğŸ˜²#U19WorldCup #Cricket,2024-01-24T10:35:08Z
xxvYrKpI1-0,Extra Cover | India v Australia | CWC23 Final,2024-01-23T03:00:26Z
8btk8BvyYDI,Bahadar Esakhiel unleashed ğŸ’¥ #cricket #u19worldcup,2024-02-01T11:37:54Z
EVeOzGYl6xA,Anrich Nortje reflects on the #U19WorldCup 2024 ğŸ”¥ #INDvAUS #Cricket,2024-02-11T12:49:11Z
rPAWydIzI7o,A magical moment for Australia ğŸ’¥ #T20WorldCup #cricket #cricketshorts #ytshorts,2024-03-08T04:34:07Z
kdLdueKwAqI,Tom Straker describes the â€˜great feelingâ€™ of winning the  #U19WorldCup 2024 âœ¨ #cricket,2024-02-11T16:51:04Z
JB5cpZEO_FA,Now thatâ€™s what Iâ€™d call using your head ğŸ‘‰ğŸ™‚ #u19worldcup #cricket,2024-01-29T04:47:39Z
S4IV_OgnEQY,Mahli Beardman describes his moment of the match ğŸ«¶ #U19WorldCup #cricket,2024-02-12T09:02:21Z
4RnIK8-73-4,Canada bringing the fun at the #T20WorldCup media day ğŸ¤©#Cricketshorts #YTshorts #Cricket,2024-06-01T14:30:01Z
ipV5J3hRJg0,Mitch Marsh is close to full fitness ahead of #T20WorldCup ğŸ’¥ #cricket #cricketshorts #ytshorts,2024-05-27T07:05:40Z
ciPycxZhuZk,Who is Chris Gayle calling? ğŸ˜‰#cricket #shorts #cricketshorts #T20WorldCup,2024-05-04T14:59:59Z
