video_id,video_title,video_published_at
OSTMKBLDoLg,The American fairytale continues as USA beat Pakistan in a massive upset at the #T20WorldCup ğŸ˜,2024-06-06T23:37:36Z
3yiWqnKl7lQ,The Epic Montage | T20 World Cup 2024 Final,2024-07-04T08:51:35Z
fVZQCdHUTsA,Virat Kohli ğŸ¤ Rohit Sharma #cricket #cricketshorts #ytshorts #T20WorldCup,2024-06-30T01:45:47Z
89_E436SRos,Let the celebrations begin ğŸ¥³ #cricket #cricketshorts #ytshorts #t20worldcup,2024-06-29T23:30:01Z
RJcAz3rU2Zc,Australia claim maiden Men&#39;s T20 World Cup title | Match Highlights | T20WC 2021,2024-05-14T01:52:11Z
4iiLuQVMs-w,Unbelievable athleticism | The Best Catches of T20WC 2024,2024-07-03T12:27:43Z
1RnrJc0zNys,"When you win, dance like everyoneâ€™s watching ğŸ˜‰ #T20WorldCup #cricket #cricketshorts #ytshorts",2024-06-30T00:01:31Z
WBC_imavsmQ,Virat Kohli magic at the MCG ğŸª„ #cricket #t20worldcup #cricketshorts,2024-02-23T02:07:12Z
8MWMvoZqt0E,Carnage with the ball | The Best Deliveries of T20WC 2024,2024-07-11T12:30:09Z
V8m8equTo3c,Ric Flair ğŸ¤ Rohit Sharma #T20WorldCup #Cricket #cricketshorts #ytshorts,2024-06-30T02:46:48Z
WNV9ssUjqk4,Continuing a glorious ğŸ‡®ğŸ‡³ Men&#39;s World Cup legacy ğŸ†#T20WorldCup,2024-07-03T14:30:11Z
-2fjXRxMh-c,The euphoria of a #T20WorldCup trophy in your hands ğŸ™ŒğŸ†,2024-07-01T00:03:10Z
INpFgtrmpLE,ICC Menâ€™s T20 World Cup 2024 Official Anthem Teaser ft. Sean Paul and Kes,2024-04-12T17:45:09Z
2sZ8acopU1o,Rangana Herath runs through New Zealand with 5/3 in 2014 | T20 World Cup,2024-05-21T06:29:15Z
2rjM-XW6eZY,New York Pitch Update | T20 World Cup 2024,2024-05-02T00:30:04Z
_XuvpfEEs8o,The story so far â€“ Best Moments | T20WC 2024,2024-06-19T09:29:45Z
ijp5AyWVWds,The historic moment for Afghanistan #cricket #cricketshorts #ytshorts #t20worldcup,2024-06-25T05:57:00Z
8L3QSt6f3dM,The ICC T20 World Cup gets a brand new makeover,2023-12-07T07:07:30Z
xKMRx_upkRY,Who is faster than Jofra Archer? ğŸ˜®â€ğŸ’¨#T20WorldCup #YTShorts #CricketShorts,2024-06-05T13:15:04Z
R9_YsawaSNc,The #T20WorldCup trophy in disguise ğŸ† #Cricket #CricketShorts #YTShorts,2024-07-19T13:06:11Z
jo-_-9W-1TI,Nepal nearly pulls off a big win | SA v NEP | T20WC 2024,2024-06-15T16:21:38Z
RwqV_2Pkdp4,One-month milestone for Nassau County International Cricket Stadium | ICC Men&#39;s T20 World Cup 2024,2024-03-05T13:47:56Z
_bb33rYsAvI,India orchestrates memorable win over Pakistan | Match Recap | IND v PAK | T20WC 2024,2024-06-11T14:11:13Z
MMba_pOhAZM,"Carlos Brathwaite, iconic ğŸ¤© #t20worldcup  #cricket  #cricketshorts",2024-02-22T23:00:12Z
JKkEd9cycBQ,ICC Menâ€™s T20 World Cup 2024 Trophy Tour kicks off in New York,2024-03-19T17:20:14Z
tAgvul2Ls0A,Every Adam Zampa wicket at T20 World Cup 2024,2024-07-11T23:57:22Z
s6GinPgUO5Y,Rishabh Pant reacts to Ricky Ponting&#39;s words of support ğŸ«¶#T20WorldCup #cricketshortsÂ #ytshorts,2024-05-30T14:30:30Z
t3zMcZNgJ4g,Celebrating #T20WorldCup 100-day countdown with the CHAMPIONS ğŸ¤© #Cricket #100DTG,2024-02-23T13:06:59Z
suq0etZBAv8,A Dale Steyn special overcomes New Zealand in #T20WorldCup 2014 ğŸ‘Š  #cricket #cricketshortsÂ #ytshort,2024-03-24T13:30:24Z
gE4sSkL1PGI,Every Fazalhaq Farooqi wicket at T20 World Cup 2024,2024-07-12T03:51:47Z
PEsCwvwSgcg,A sneak peek of the Men&#39;s #T20WorldCup 2024 official anthem ft. @AllSeanPaul and @kestheband ğŸ‘€,2024-04-15T00:17:29Z
TjndmAHcgkM,"India&#39;s new T20I skipper, Suryakumar Yadav ğŸ‘ #cricket #cricketshorts #ytshorts",2024-07-19T06:22:37Z
bNLJEsqCFWM,An Out of This World Spectacle | ICC Menâ€™s T20 World Cup 2024,2024-02-22T14:00:16Z
glTy9dxHL6Q,A ruthless Rohit Sharma knock ğŸ‘Š#T20WorldCup #AUSvIND #ytshorts #cricketshorts,2024-06-24T19:16:35Z
f-OUu_6jIRo,Burj Khalifa lights up in Women&#39;s T20 World Cup 2024 colours,2024-09-12T07:32:28Z
_LegGXsy6pk,Look at the turn on that ğŸ‘€ #Cricket #CricketShorts #INDvENG #T20WorldCup,2024-06-27T20:43:00Z
cc8RCrwioJA,Jasprit Bumrah rattles Mohammad Rizwan&#39;s stumps ğŸ’¥ #t20worldcup #cricket #ytshorts #cricketshorts,2024-06-10T01:21:25Z
9s-ARtVz5vA,ğŸ¶ ğ˜ğ˜§ ğ˜ºğ˜°ğ˜¶&#39;ğ˜³ğ˜¦ ğ˜©ğ˜¢ğ˜±ğ˜±ğ˜º ğ˜¢ğ˜¯ğ˜¥ ğ˜ºğ˜°ğ˜¶ ğ˜¬ğ˜¯ğ˜°ğ˜¸ ğ˜ªğ˜µ... ğŸ¶#T20WorldCup #Cricketshorts #ytshorts,2024-05-29T06:08:54Z
6uS3FFRBhuI,Historic moment for Afghanistan ğŸ˜ #cricket #cricketshorts #ytshorts #t20worldcup,2024-06-23T05:10:17Z
LDNOKcp_4Ug,Every Tabraiz Shamsi wicket at T20 World Cup 2024,2024-07-12T05:56:25Z
CuEC8Twrcgo,Every Travis Head boundary at T20 World Cup 2024,2024-07-17T01:13:55Z
nc9nA8fG87Q,Every Heinrich Klaasen boundary at T20 World Cup 2024,2024-07-16T06:00:31Z
wmf4yKzv9KE,The game-changing Jasprit Bumrah spell ğŸ”¥#T20WorldCup #INDvPAK #CricketÂ #CricketShorts,2024-06-12T19:41:58Z
NCSH_QMDzI4,Pat Cummins claims rare #T20WorldCup hat-trick ğŸ”¥ #cricket #cricketshorts #ytshorts,2024-06-21T02:51:53Z
35QmZ2zaAso,"The first international cricket match in New York, coming up next ğŸ¤©#T20WorldCup #ytshorts",2024-06-03T14:09:40Z
f-PfPPZglSM,Rashid Khan unhappy after missing out on a double ğŸ‘€ #cricket #cricketshorts #ytshorts #t20worldcup,2024-06-25T03:42:12Z
WrprZIxzB4M,Two wickets from two balls for Namibia ğŸ˜² #t20worldcup #cricket #cricketshorts #ytshorts,2024-06-03T01:10:45Z
nCTUP7-tLrU,Every Virat Kohli boundary at T20WC 2024,2024-07-15T14:00:45Z
Wp8_0FS-Ts4,Kohli&#39;s unbeaten 82* guides India past Australia | T20WC 2016,2024-03-27T03:42:40Z
vTh3QH_tMgg,Yuvraj Singh predicts the #T20WorldCup semi-finalists ğŸ‘€ #Cricket #CricketShorts #YTShorts,2024-05-28T11:04:08Z
ha6fDklARyc,"Final Over Thrillers: India v Bangladesh, T20WC 2016",2024-03-23T12:30:26Z
qVEmHX5yvc0,"With four teams left, who&#39;s winning #T20WorldCup 2024? ğŸ†",2024-06-26T16:17:51Z
v_AFZ5-tY14,Lendl Simmons and Andre Russell power West Indies into the Final | T20WC 2016,2024-03-31T10:30:17Z
RR0yM5mG_8U,Final Over Thrillers: England v West Indies | T20WC 2016,2024-04-03T11:00:20Z
oYv3VzNXxik,Clutch moment from the Proteas captain! â˜#SAvBAN #T20WorldCup #Cricket #ytshorts #CricketShorts,2024-06-10T19:25:55Z
QFzINcbeU54,Yuvraj Singh predicts India best XI for T20 World Cup 2024,2024-05-22T05:30:01Z
aA8M0e7-fL8,36 runs from one over as Nicholas Pooran hits outğŸ’¥ #cricket #cricketshorts #ytshorts #t20worldcup,2024-06-18T03:59:30Z
43YAaDH-xRA,A special presentation from Rohit Sharma for Kuldeep Yadav ğŸ˜‚#T20WorldCup #cricketshorts #ytshorts,2024-05-29T14:46:31Z
WxKB1b_iAKU,"Another successful chase from Kohli, this time at #T20WorldCup 2016 against Pakistan ğŸ #ytshorts",2024-03-19T02:15:10Z
Zu8Alpt6O34,FOUR MAIDENS ğŸ¤©Watch every ball from Lockie Fergusonâ€™s record-breaking effort ğŸ‘ #T20WorldCup #NZvPNG,2024-06-17T18:41:00Z
yhaYJ6lraxg,Marco Jansen puts South Africa into #T20WorldCup semi-finals ğŸ’ª #cricket #cricketshorts #ytshorts,2024-06-24T08:33:52Z
8rIgfe5xt2w,So much semi-final emotion for Rohit Sharma ğŸ¥¹ #cricket #cricketshorts #ytshorts #t20worldcup,2024-06-28T06:22:26Z
NiRKcpD0QEw,Tanzim Hasan delivers an action-packed over ğŸ˜¯#INDvBAN #T20WorldCup,2024-06-22T19:28:01Z
hQu8GyassKA,Incredible left-arm pacer shines for India | Every Wicket of Arshdeep Singh | T20WC 2024,2024-07-13T11:17:20Z
WbXGMIBUrIA,What does it take to create an â€˜Out of this Worldâ€™ anthem? #cricket #shorts  #T20WorldCup,2024-05-04T12:12:20Z
ODMu9HSBHHw,Shaping up well ğŸ™Œ New York almost ready for #T20WorldCup ğŸ #ytshorts #cricket #cricketshorts,2024-04-02T15:35:34Z
fvkhKXAzkt4,Another bat broken in New York ğŸ’¥ #PAKvCAN #T20WorldCup #cricketshorts #ytshorts,2024-06-12T02:08:22Z
2JDF7p-ofvg,Back in blue this #T20WorldCup ğŸ’™ğŸ‡®ğŸ‡³ #Cricket #CricketShorts #Ytshorts,2024-04-30T11:34:36Z
crUpS21VCyo,Every Hardik Pandya boundary at T20WC 2024,2024-07-17T13:02:48Z
FbJq1jpAl8c,The Aussie-Uganda gold ğŸ˜ #Cricket #cricketshorts #ytshorts  #t20worldcup,2024-06-02T23:25:37Z
XQ4E052zHhw,Yuvraj Singh says Suryakumar Yadav must fire for India at #t20worldcup #cricketshorts #ytshorts ğŸ”¥,2024-04-30T05:11:56Z
a_4LB121bGQ,Every Hardik Pandya wicket at T20WC 2024,2024-07-14T15:30:01Z
9dy7kpALSAE,Every Nicholas Pooran boundary at T20 World Cup 2024,2024-07-15T07:17:57Z
mdUjXYSvUHk,Every Wicket of Rishad Hossain at T20WC 2024,2024-07-14T08:09:19Z
MnxF5QWf2_A,Howdy ğŸ¤  #t20worldcup #cricket #ytshorts #cricketshorts,2024-06-03T03:24:21Z
30kR8HgcBrs,Every Kuldeep Yadav wicket | T20WC 2024,2024-07-11T08:46:16Z
LD4RlAw1n1E,There&#39;s always that one kid in class ğŸ˜#Cricketshorts  #T20WorldCup #YTShorts,2024-06-14T15:51:31Z
Ij4LP6nIAWE,WHATEVER IT TAKES | ICC WOMENâ€™S T20 WORLD CUP 2024 - OFFICIAL EVENT SONG | W.i.S.H. | Mikey McCleary,2024-09-23T08:58:34Z
7V0BfraDMjY,Suresh Raina&#39;s brilliant hundred | T20WCÂ 2010,2024-05-02T10:28:35Z
Ho-QYI41P1U,Dale Steyn&#39;s stirring spell stuns New Zealand | T20WC 2014,2024-03-24T13:30:06Z
VPlPI31TfL8,Looking sharp in ğŸ’™ğŸ§¡#T20WorldCup #CricketShorts #YTShorts,2024-05-30T10:30:10Z
_M0igpVe4-0,A Joe Root special at Wankhede | SA v ENG | T20WC 2016,2024-03-18T14:30:12Z
NTY9g2MaPzM,Mitch Marsh ğŸ¤ Chris Gayle! It&#39;s a special connection with the Universe Boss ğŸ˜#T20WorldCup #ytshorts,2024-06-01T07:41:51Z
PHFySz6fhpE,Returning to action for ğŸ‡®ğŸ‡³ this #T20WorldCup!#Cricket #CricketShorts #ytshorts,2024-04-30T14:00:29Z
FZ-UkwUlgqE,Kagiso Rabada breathing fire ğŸ”¥ #cricket #cricketshorts #ytshorts #t20worldcup,2024-06-27T01:08:00Z
Im1Q5xdv6LA,David Warner&#39;s first T20 World Cup six went flying ğŸš€  #cricket #cricketshorts #t20worldcup,2024-02-14T01:57:20Z
7S24Yx0dBwk,"Two hat-tricks, one man â€“ Pat Cummins â­ #cricket #cricketshorts #ytshorts #t20worldcup",2024-06-23T03:01:25Z
XIkZPkHjCOY,Every Rashid Khan wicket at T20WC 2024,2024-07-13T15:30:10Z
MRdbyLmlufU,Every Anrich Nortje wicket at T20WC 2024,2024-07-11T17:30:34Z
EriPq6Ut2tc,Sri Lanka start their #T20WorldCup preparation in ğŸ‡ºğŸ‡¸! #Cricketshorts #ytshorts,2024-05-27T12:50:10Z
e3rcBT0WWlY,Every Rahmanullah Gurbaz boundary | T20WC 2024,2024-07-11T10:30:13Z
kf6VxPc5m60,Inside the mind of Yuvraj Singh: The legend behind famous six sixes | T20WC 2007,2024-06-26T16:08:05Z
FSfgoIfqy8w,MS Dismissals: Every Dhoni dismissal | T20 World Cup,2024-05-16T01:51:32Z
qmq3mz7nyrk,âš¾ Baseball fan looking forward to the #T20WorldCup?Jomboyâ€™s cricket guide has you covered!,2024-06-01T00:35:03Z
igb7gRYhNlg,Every Rashid Khan T20 World Cup wicket so far,2024-04-11T02:35:25Z
gl1nn9w_8zk,"Rizwan, Babar re-write history with an iconic partnership | IND v PAK | T20WC 2021",2024-05-09T06:30:20Z
7rCb21WHJ3M,Inspirational words for USA from Curtly Ambrose ğŸ™Œ #cricket #crickethshorts #ytshorts #t20worldcup,2024-06-20T02:45:00Z
BHvvrv4AUFk,Jasprit Bumrah loves bowling to Mohammad Rizwan ğŸ’¥ #cricket #t20worldcup #ytshorts #cricketshorts,2024-06-10T04:42:59Z
29q_0d_1DBk,Every Umar Gul wicket | T20 World Cup,2024-05-18T07:58:40Z
D-EpMhhz7LY,Every Wanindu Hasaranga wicket in T20 World Cups,2024-05-12T09:30:03Z
HGlyrSEN95E,Behind the scenes of India&#39;s media day | WT20WC 2024,2024-09-29T13:30:11Z
ZfPbOdxVYgc,ICC Menâ€™s T20 World Cup Trophy Tour 2024 wraps up in the USA,2024-04-10T14:07:46Z
VjTfEK2JdLw,Usain Bolt unveiled as an ambassador for the ICC Men&#39;s #T20WorldCup 2024 âš¡ #cricket #ytshorts,2024-04-24T14:10:35Z
v4o0IeFrOwk,Every Jos Buttler T20 World Cup six so far,2024-04-17T00:57:19Z
6f4-0m0AgOA,Virat Kohli takes India to the Final | T20 World Cup 2014,2024-04-04T09:16:06Z
ILDDwQrPdEM,"Rohit Sharma, smashing sixes and records for fun ğŸ˜®â€ğŸ’¨#T20WorldCup #AUSvIND  #cricket #ytshorts",2024-06-24T19:21:43Z
4WtvaBghx-c,Chris Gayle tears England apart | ENG v WI | T20WC 2016,2024-05-13T08:47:59Z
heYk1vknr7s,Every Andries Gous boundary at T20 World Cup 2024,2024-07-16T04:35:03Z
6FpLdXX9ANs,These Menâ€™s #T20WorldCup 2024 predictions... no surprises here ğŸ˜‰ #cricket,2024-02-23T14:27:03Z
T2iC8XWkLOc,The ball is stuck in Tanzid Hasan&#39;s helmet ğŸ‘€ #T20WorldCup #BANvNED #YTShorts #CricketShorts,2024-06-13T16:13:02Z
kRqFryoNf_I,Bravo and Sammy star with game-changing stand against Pakistan | T20WC 2014,2024-04-01T15:08:48Z
U0_-w_XFBYc,India are pumped up for the Super Eights ğŸ’ª  #cricket #t20worldcup #ytshorts,2024-06-19T16:59:54Z
lAKgILzX_cQ,&#39;Whatever it takes&#39; | ICC Women&#39;s T20 World Cup 2024 TVC,2024-09-19T08:48:52Z
H9-rtoNFeqo,Behind the scenes with Nepal at the media day | T20WC 2024,2024-05-29T08:10:01Z
sIO8LCvvncM,USA v Sri Lanka | Match Highlights | Womenâ€™s T20WC Qualifier 2024,2024-05-03T19:52:31Z
qbbaIBUCBKU,Marcus Stoinis delivers half-century in just 17 deliveries | T20 World Cup,2024-05-20T00:30:41Z
nFb1FvubQD4,Every Quinton de Kock boundary at T20WC 2024,2024-07-16T13:39:53Z
Duq6ls3aKxc,Yuvraj Singh dissects India&#39;s options for T20 World Cup,2024-04-28T23:53:55Z
4_N2bwtFemU,Experience the joy and excitement of PNG&#39;s media day at the #T20WorldCup ğŸ˜ #Cricket #CricketShorts,2024-05-28T12:30:03Z
HGYnPA-20e4,Phil Salt smashes 30 runs from one over ğŸ˜² #cricket #cricketshorts  #ytshorts #t20worldcup,2024-06-20T04:16:33Z
5j5xfbosJEc,Premium Club hospitality at Nassau County International Cricket Stadium in New York ğŸŒŸ #t20worldcup,2024-06-02T21:18:11Z
eeZw1kDhhmc,ICC Menâ€™s T20 World Cup Trophy Tour 2024 wraps up in New York,2024-03-25T12:55:30Z
GXSCrdL4zoc,India storm into the 2014 #T20WorldCup Final ğŸ”¥ #cricket #ytshorts #cricketshorts,2024-04-04T07:32:32Z
ZyX4-sI2Dno,"Iconic then, iconic now from Virat Kohli ğŸ™Œ #cricket #cricketshorts #ytshorts #t20worldcup",2024-06-21T02:08:44Z
92dwODvzA6U,India are ready to set #T20WorldCup 2024 on fire ğŸ”¥ #Cricket #CricketShorts #YTShorts,2024-06-05T08:57:05Z
VPt3SIaoVE8,Ricky Ponting on Virat Kohli&#39;s batting position at T20 World Cup 2024,2024-05-22T06:06:10Z
Cm8EbSXiolQ,Iconic Partnerships: Mahela Jayawardena and Kumar Sangakkara | T20 World Cup,2024-05-17T04:12:53Z
PJ2fVCdp-SI,Ahmed Shehzad smashes first Pakistan T20I ton | BAN v PAK | T20WC 2014,2024-05-20T06:08:46Z
mMijxUWKNVs,Trent Boult reveals his answer when asked if this is his final #T20WorldCup appearance ğŸ‘€ #YTShorts,2024-06-15T17:17:01Z
SArpl-_PEEs,Aqib Ilyas has a catch of the tournament contender ğŸ”¥ #t20worldcup #cricket #cricketshorts #ytshorts,2024-06-06T03:09:28Z
DqLiVjEbPW4,McCullum bludgeons highest tournament score | T20 World Cup,2024-05-16T00:48:02Z
RP3FxvgM6lE,Behind the scenes of England&#39;s media day | WT20WC 2024,2024-09-30T01:10:54Z
lRdwN9AuTF4,Muneeba Ali&#39;s maiden ton | WT20WC 2023,2024-09-05T03:05:36Z
JjgS2Wn12Ag,Final Over Thrillers: Afghanistan v West Indies | T20WC 2016,2024-03-27T11:00:27Z
bRiM0OhHvw8,Sangakkaraâ€™s brilliant 52* guides Sri Lanka to maiden title | T20WC 2014 Final,2024-04-06T10:57:37Z
2TikWKtQ7no,Jos Buttler and Alex Hales smash record partnership | Semi-final 2 | IND v ENG | T20WC 2022,2024-05-24T04:35:31Z
93oOahVPG6Q,Sri Lanka v Uganda | Match Highlights | Women&#39;s T20WC Qualifier 2024,2024-05-01T23:59:33Z
PFiGu9pbG64,Monty Desai on Nepal&#39;s performance | T20WC 2024,2024-06-15T20:55:17Z
VmnJ-vY7N40,Chris Gayle smashed the fastest ğŸ’¯ in Men&#39;s #T20WorldCup history ğŸ”¥ #cricket #cricketshorts #ytshorts,2024-05-28T06:54:37Z
thHbT9qjgqI,Harmanpreet Kaur makes history | WT20WC 2018,2024-09-06T05:17:32Z
7oSYbutEHZI,Yuvraj Singh on Good Morning America spreading the love and passion for cricket ğŸ“º #T20WorldCup,2024-06-05T12:03:38Z
jH9ATrdR6LI,Who will carve their legacy at ICC Women&#39;s #T20WorldCup 2024? ğŸ‘€ #CricketShorts #YTShorts #Cricket,2024-08-26T14:48:09Z
vsMvvitC2gA,Touching down in style for the Women&#39;s #T20WorldCup 2024 fixture launch ğŸš #cricket #cricketshorts,2024-05-09T13:07:49Z
xKJOJg4MkSo,Yuvraj Singh makes history 6ï¸âƒ£ğŸ’¥#cricket #cricketreels #T20WorldCup,2024-05-26T16:30:08Z
hGtMKmG4yaw,Every David Warner six at the T20 World Cup,2024-02-14T06:00:17Z
eaGVgvms4wI,Behind the scenes with Afghanistan at the media day | T20WC 2024,2024-05-29T11:30:26Z
fzQbqRytaNw,Myburgh&#39;s record fifty pulls off stunning chase | T20WC 2014,2024-05-11T10:30:12Z
m8tHU39JOH0,The Best of Laura Wolvaardt | WT20WC,2024-09-17T03:36:24Z
nEdYMNZ_ET8,Around Dubai in 24 hours ğŸ† Bringing the first stop of Women&#39;s #T20WorldCup Trophy Tour!,2024-09-04T14:08:57Z
Jk0YbWyIvUs,Ricky Ponting backs Mitchell Marsh for #T20WorldCup captaincy ğŸ‘€,2024-03-12T06:15:34Z
E9vAT8UAnp4,Indomitable Suzie Bates ready for a ninth #T20WorldCup ğŸ‘#YTShorts #CricketShorts,2024-09-13T00:21:57Z
PEvEwRO3V-w,One of the best to grace the #T20WorldCup is Chamari Athapaththu ğŸ™Œ #CricketShorts #YTShorts,2024-09-26T07:04:47Z
jd9GrEZP6lM,Nathan McCullum seals thrilling win for New Zealand over Sri Lanka | T20WC 2010,2024-04-30T06:37:54Z
IX5bl-faEtU,Womenâ€™s #T20WorldCup No.6ï¸âƒ£ ft. Australia ğŸ† #cricket,2024-02-26T05:56:02Z
TwKi0plOAcQ,What a way to secure the win! ğŸ’¥ #INDvIRE #T20WorldCup,2024-06-05T17:54:14Z
q3YC4Zbtok4,"Great wicket, better celebration ğŸ¤£ #cricket #cricketshorts #ytshorts #t20worldcup",2024-06-17T05:00:42Z
yBIeBAe__uU,Deandra Dottin â€“ the best bowling figures in ICC Womenâ€™s #T20WorldCup history ğŸ‘Š #cricket #ytshorts,2024-08-29T12:31:00Z
yWV4qDouLBk,Scotland v Sri Lanka | Final | Match Highlights | Womenâ€™s T20WC Qualifier 2024,2024-05-07T23:58:49Z
YZIDpEpGSFQ,Itâ€™s been a month already ğŸ‡®ğŸ‡³ ğŸ† #T20WorldCup #cricket #ytshort,2024-07-29T12:00:36Z
Zu9ykAzc8aw,Charith Asalanka ğŸ¤ T20I captaincy ğŸ‡±ğŸ‡° #cricket #cricketshorts #ytshorts,2024-07-25T04:42:25Z
fa9X-7dsAq4,Ravi Shastri picks favourite moments from #T20WorldCup 2024 ğŸ‘Œ#cricketÂ #cricketreelsÂ #ICCReview,2024-08-05T13:35:18Z
wXy4Vq2A4LM,South Africa are eyeing off #T20WorldCup silverware ğŸ†  #cricket #ytshorts #cricketshorts,2024-06-28T15:41:04Z
rYf1sS-nKK0,Pakistan bring out the style and splendour ğŸ˜ #T20WorldCup #WhateverItTakes,2024-09-29T06:00:34Z
0PnH6MSCPjM,When a boot helped Australia to a #T20WorldCup 2010 victory ğŸ† #YTShorts #CricketShorts,2024-09-24T03:05:19Z
r6KnjjfvfRo,"So close, yet so far for Nepal ğŸ’”#T20WorldCup #YTShorts #CricketShorts",2024-06-15T16:26:05Z
uN5Yn8PXvMA,Ireland have their game face on ğŸ”›#Cricket #CricketShorts #YTShorts #T20WorldCup,2024-06-05T07:32:55Z
XNsRjFZNjJ0,India skipper Harmanpreet Kaur wears the predictorâ€™sÂ hatÂ ğŸ”®ğŸ©#T20WorldCup #WhateverItTakes #ytshorts,2024-09-24T09:32:39Z
IoevRVNzTSA,Rising stars to watch out for during ICC Men&#39;s #T20WorldCup 2024 â­,2024-02-24T13:30:06Z
JE959-VJYJA,You can count on Nigar Sultana Joty for Bangladesh at the #T20WorldCup ğŸ‘Š #YTShorts #CricketShorts,2024-09-19T06:30:38Z
ti92-GoRG9Q,Scotland&#39;s Kathryn Bryce was on ğŸ”¥ #cricket #cricketshorts  #ytshorts  #t20worldcup #cricketlover,2024-04-29T23:59:12Z
Dj9Ah22pXn8,Holding the #T20WorldCup trophy is a dream worth fighting for Harmanpreet KaurğŸ’ª#WhateverItTakes,2024-09-25T09:00:18Z
AvXPMUSXK6g,Brute power from Rilee Rossouw ğŸ’ª #cricket #cricketshorts #ytshorts #t20worldcup,2024-07-22T04:02:59Z
_zegt-vcFck,Ravi Shastri calls it â€“ Rishabh Pant was Indiaâ€™s surprise package at #T20WorldCup 2024 ğŸ˜® #Cricket,2024-07-31T11:25:34Z
shXcQytYKs0,Rilee Rossouw sizzles with quick-fire ton | T20 World Cup,2024-05-23T14:30:20Z
I8gh-2FmAiw,South Africa&#39;s pace ace Marizanne Kapp in action | WT20WC,2024-09-15T13:30:12Z
9Sf-igXoUGY,"Your new No.1 T20I All-Rounder, Liam Livingstone ğŸ˜¤ #YTShorts #CricketShorts",2024-09-19T03:39:26Z
LKCFPa5PbSg,A generation of world-class #T20WorldCup moments from Ellyse Perry ğŸ™Œ #YTShorts #CricketShorts,2024-09-16T05:23:09Z
bP0i3dvdoyk,Brute power from Mitch Marsh ğŸ’ª #cricket #ytshorts #cricketshorts #t20worldcup,2024-02-22T06:24:41Z
Y8z8F5eJUas,Elegance personified from Naseem Shah ğŸ˜ #cricket #cricketshorts #t20worldcup,2024-02-21T05:19:39Z
1AkzAtcfKMM,Melie Kerr is box office #T20WorldCup viewing ğŸ¿ #YTShorts #CricketShorts,2024-09-20T00:45:58Z
SwWI7udDrdQ,"Ottneil Baartman, the man for pressure moments ğŸ‘#T20WorldCup #YTShorts #CricketShorts",2024-06-15T16:58:21Z
BNmmjvDI9cc,Classic Shaheen Afridi ğŸ¤© #T20WorldCup #YTShorts,2024-06-16T15:33:05Z
SrMVD4g7mBo,Heather Knight in full flight ğŸ’¥ #cricket #cricketshorts #ytshorts #t20worldcup,2024-07-18T02:40:06Z
g5PRWSEQ3mQ,An outfield stunner from Mohammed Siraj ğŸ˜² #cricket #cricketshorts #ytshorts #t20worldcup,2024-06-13T00:04:11Z
V95i8Bf4xIY,Heather Knight&#39;s starring century | WT20WC 2020,2024-09-09T05:57:00Z
Kssuzj1Bnsk,Anrich Nortje has the last laugh ğŸ™Œ #cricket #cricketshorts #ytshorts #t20worldcup,2024-06-20T01:24:40Z
Bn9DNoMIocg,Very lucky for Rahmanullah Gurbaz ğŸ‘€ #cricket #cricketshorts #ytshorts #t20worldcup,2024-06-08T01:39:15Z
EtOvBc88WG0,Unbelievable from Jos Buttler ğŸ˜®â€ğŸ’¨ #cricket #cricketshorts #ytshorts #t20worldcup,2024-06-22T00:25:38Z
Md58qgxARb4,Count the Ash Gardner wickets in this #T20WorldCup effort ğŸ–ï¸ #YTShorts #CricketShorts,2024-09-18T06:31:45Z
qxrdHWl-VZw,When Hayley Matthews left Stafanie Taylor in awe during the 2016 #T20WorldCup Final ğŸ˜² #CricketShorts,2024-04-05T10:48:03Z
pWVpRAcEnT8,Stand and deliver from Travis Head ğŸ’¥ #cricket #cricketshorts #ytshorts #t20worldcup,2024-07-24T02:28:34Z
r58kP4JneaE,South Africa&#39;s best yet to come? Ricky Ponting thinks so ğŸ˜® #t20worldcup #cricketshorts,2024-06-26T17:49:47Z
LoI8MPvjvEA,Out of this World EP. 1 | USA v CAN | T20WC 2024,2024-06-01T13:30:07Z
DTCUCAqhetc,Nigar Sultana Joty&#39;s Journey | WT20WC,2024-09-19T06:43:17Z
ZyYTmaNKP74,5ï¸âƒ£0ï¸âƒ£ #T20WorldCup wickets. Nine editions. One Shakib Al Hasan. #INDvBAN,2024-06-22T19:28:43Z
CADArZ53fdg,First ğŸ’¯ by an Indian in T20Is! Suresh Raina ğŸ™Œ #CricketÂ #CricketShortsÂ #YTShorts,2024-05-02T10:47:10Z
QBNKwOshWM4,Pakistan&#39;s opening #T20WorldCup games â¡ï¸ Two epic final-ball thrillers ğŸ¤¯ #ytshorts #cricketshorts,2024-06-07T18:20:01Z
3uKvZC7tdsE,Carlos Brathwaiteâ€™s heroics in the 2016 #T20WorldCup final with baseball-friendly commentary âš¾ğŸ,2024-04-04T14:52:39Z
DEkkeyUJb0A,Brute strength from Rovman Powell ğŸ’ª #cricket #cricketshorts #ytshorts #t20worldcup,2024-08-15T04:51:29Z
RVLgDBgiyTQ,Every Chris Gayle Six | T20 World Cup,2024-05-22T05:38:31Z
-_BZEiDF2hY,Sri Lanka v Thailand | Match Highlights | Womenâ€™s T20WC Qualifier 2024,2024-04-26T03:40:29Z
4stmNOSnGAI,The spinning Sophie Ecclestone is ready for #T20WorldCup 2024 ğŸ #CricketShorts #YTShorts,2024-09-25T06:36:08Z
GDzSRQg_Si4,Dottin&#39;s record-breaking day | WT20WC 2018,2024-08-30T00:52:57Z
xWNQ0BK1ims,Power and finesse from Marcus Stoinis ğŸ™Œ #cricket #cricketshorts #ytshorts #t20worldcup,2024-06-16T06:27:25Z
3iH7kGjUFsM,Thailand v Scotland | Match Highlights | Womenâ€™s T20WC Qualifier 2024,2024-05-03T16:24:32Z
rNYnO2ERNiw,Laura Wolvaardt #T20WorldCup moments ğŸ #YTShorts #CricketShorts,2024-09-17T04:55:43Z
sNfzpP2KNpY,What does the future hold for Harmanpreet Kaur beyond the #T20WorldCup? ğŸ‘€ #ytshorts #WhateverItTakes,2024-09-22T10:30:22Z
eEixgrNGeNQ,Yuvraj Singh smashing six 6s ğŸ”¥ #cricket #cricketshorts #t20worldcup,2024-02-22T16:10:19Z
tZVcoXWIZUs,Scotland are Bangladesh-bound for the Women&#39;s #T20WorldCup 2024 ğŸ’ª#cricket #cricketshorts #YTShorts,2024-05-05T17:34:08Z
RzPJhX7F0SU,Champions at the ICC Women&#39;s #T20WorldCup 2024 Qualifier ğŸ¤© #cricket #cricketshorts #YTShorts,2024-05-07T19:50:09Z
q82GQQXWkbo,Safyaan Sharif ğŸ¤ Cristiano Ronaldo  #T20WorldCup #cricket #cricketshorts #ytshorts,2024-06-10T07:00:01Z
TVc0lK9nmbQ,Rohit Sharma is yet to process his T20I retirement ğŸ˜#SLvIND #cricketÂ #cricketreels,2024-08-01T16:12:10Z
EE9hpSfag4s,Mark Watt bamboozles Glenn Maxwell ğŸ‘€ #cricket #cricketshorts #ytshorts #t20worldcup,2024-06-16T08:30:06Z
bGt6tUG26mo,Rohit Sharma takes a cheeky dig at Australia ğŸ‘€ #cricket #cricketshorts #ytshorts #t20worldcup,2024-06-27T00:52:09Z
RO_wsyXxs7s,Aerial view of Nassau County International Cricket Stadium | T20 World Cup 2024,2024-04-02T16:25:52Z
tPiz_px4_1g,Ponting talks India v Pakistan T20 World Cup match in New York | The ICC Review,2024-03-14T15:07:16Z
Bcw4U1ir3L8,Joining forces to help ğŸ‡µğŸ‡° shine ğŸŒŸ#T20WorldCup #WhateverItTakes,2024-09-30T08:26:15Z
KxXPiLz_mmI,Sophie Devine&#39;s ninth #T20WorldCup loading âŒ›#YTShorts #CricketShorts,2024-09-12T00:53:20Z
4KcdNmpBIvk,Suryakumar Yadav wins ICC Menâ€™s T20I Cricket of the Year award second year in a row.,2024-01-24T17:00:03Z
pH80XssXni0,Stephan Myburgh hammers a hat-trick of sixes in #T20WorldCup 2014 ğŸ¤¯ #cricket #shorts #ytshorts,2024-05-11T10:30:15Z
HnpQPiMWTTM,Experience the atmosphere of a full crowd ğŸŸ #T20WorldCup #cricketÂ #CricketShorts #YTShorts,2024-03-13T15:39:37Z
jBZBGtDxRrU,Ireland v Scotland | Semi-final 1 | Match Highlights | Womenâ€™s T20WC Qualifier 2024,2024-05-05T14:56:49Z
mSdssuuTa9M,Who wouldn&#39;t want Harmanpreet Kaur in their #T20WorldCup side?! ğŸ¤© #YTShorts #CricketShorts,2024-05-13T12:00:45Z
tf193pIbq24,Clinical Ramdin stumpings derail Pakistan in #T20WorldCup 2014 ğŸ‘Š #cricket #cricketshorts #ytshorts,2024-04-01T10:14:06Z
7XMKivKcG1g,An absolute beauty from Saad Bin Zafar ğŸ¤© #T20WorldCup #cricketshorts #ytshorts,2024-06-07T18:22:20Z
pTcHSFrkM-E,Records tumble in SamoağŸ˜² #cricket #cricketshorts #ytshorts #t20worldcup,2024-08-20T02:06:35Z
jyTj0V2J_TU,Pure emotions of first Men&#39;s #T20WorldCup win ğŸ¤© #CANvIRE #CricketShorts #YTshorts,2024-06-07T19:45:04Z
wbOkEmSSxqs,Curtly Ambrose visits Nassau County International Cricket Stadium in New York | T20WC 2024,2024-05-17T13:57:43Z
DfaAt8HtT9E,Ricky Ponting hails Afghanistan&#39;s fairytale T20 World Cup campaign,2024-07-01T15:39:50Z
uyjEaBVz3ZY,The Wanindu Hasaranga magic ğŸª„ #cricket #cricketshorts #ytshorts #T20WorldCup,2024-05-12T08:30:14Z
Wfk1c9AdVFQ,Inside-out Tristan Stubbs at #T20WorldCup 2022 ğŸ‘ #CricketLover #SouthAfrica #TristanStubbs,2024-04-08T07:34:44Z
-HWaVTYInRU,Rashid Khan putting Scotland in a spin ahead of #t20worldcup ğŸ”¥ #cricket #cricketshorts #ytshorts,2024-06-01T00:41:04Z
s_TVhNVrHdw,"Nassau County International Cricket Stadium, New York ğŸŸï¸ #T20WorldCup #cricket #ytshorts",2024-03-05T13:15:33Z
98jrHJV6XrQ,Behind the scenes with Netherlands at the media day | T20WC 2024,2024-06-01T11:30:04Z
h8gKgg4gJoA,Usain Bolt and stars across the world welcome you to New York for the #T20WorldCup ğŸ—½ #CricketShorts,2024-05-16T04:42:19Z
ewe-M-fCmFo,Deandra Dottin comes out of retirement ahead of Womenâ€™s #T20WorldCup ğŸ’¥ #cricket #ytshort,2024-07-29T14:01:26Z
z7MYnvwdSjY,Glorious from Markram ğŸ˜®â€ğŸ’¨ #T20WorldCup #SLvSA #CricketShorts,2024-06-03T17:48:05Z
YlnMjvGYrKI,Ireland v Vanuatu | Match Highlights | Women&#39;s T20WC Qualifier 2024,2024-05-01T23:18:18Z
gHENmQidHSM,Revisiting the epic Australia vs Afghanistan clash at CWC23 | T20WC 2024,2024-06-22T07:47:23Z
Hr-3xJ3Gjlk,The one team Harmanpreet Kaur wants to beat in the #T20WorldCup ğŸ‘€#ytshorts #cricket #cricketshorts,2024-05-14T15:30:04Z
XnE-nw5BytI,Glenn Phillips Superman ğŸ¦¸ #T20WorldCup #Cricket #cricketshorts #ytshorts,2024-06-05T07:07:38Z
1CPy0P6Nny0,Inside the #T20WorldCup 2024 commercial&#39;s production ğŸ¤©#cricketÂ #cricketshorts #YTShorts,2024-03-14T14:30:28Z
iFBT9LwlYAw,Sophie Devine&#39;s Best With the Bat | WT20WC,2024-09-12T00:57:25Z
g2ma5wXXSes,Scotland v Uganda | Match Highlights | Womenâ€™s T20WC Qualifier 2024,2024-04-26T00:48:34Z
zJi5GVrsq7Y,Thailand v USA | Match Highlights | Womenâ€™s T20WC Qualifier 2024,2024-05-01T23:09:01Z
babnDXUdwqc,A #T20WorldCup 2014 trophy-winning performance by Sarah Coyte ğŸ‘Š#Shorts #CricketShorts #Cricket,2024-04-06T07:34:02Z
ccT8a39GY_4,&#39;Out of this World&#39; Action Heads to New York | Sri Lanka v South Africa | T20 World Cup,2024-06-03T02:46:38Z
SoiMJptmcKk,Bangladesh and Nigar Sultana look forward to the West Indies challenge at the #T20WorldCup ğŸ‘€,2024-05-13T01:04:53Z
kdeG4hhx4Cc,Netherlands v UAE | Match Highlights | Womenâ€™s T20WC Qualifier 2024,2024-04-30T00:40:30Z
iKS5DAGn9NM,"Stepping up a final, will we see Sophie Molineux star at #T20WorldCup 2024? ğŸ† #cricketshorts",2024-03-18T05:27:53Z
Wg-Hwt6A5GM,UAE v Zimbabwe | Match Highlights | Womenâ€™s T20WC Qualifier 2024,2024-04-27T20:00:07Z
85mWvMYIk-c,Who is Chris Gayle calling? ğŸ˜‰ #cricket #shorts #cricketshorts #T20WorldCup,2024-05-04T15:15:00Z
cBPepKllV8M,Marcus Stoinis on a rampage in Perth at #T20WorldCup 2022 ğŸ‘Š #YTShorts #CricketShorts,2024-05-20T04:07:28Z
GfVM1LhAolM,If Shahid Afridi could turn back time â° #Cricket #CricketShorts #YTShorts #T20WorldCup,2024-05-26T10:51:31Z
2-ZMELEiymQ,Jofra Archer is home! ğŸ´ó §ó ¢ó ¥ó ®ó §ó ¿ğŸŒ´ #T20WorldCup #CricketShorts #YTShorts,2024-06-04T12:43:35Z
_fkjKktCo6Y,ğŸ’¯ days to go! ğŸ’¯ reasons to celebrate ğŸ˜ #Cricket #T20WorldCup,2024-02-22T15:14:54Z
5yfXsKO6_rA,UAE v Vanuatu | Match Highlights | Womenâ€™s T20WC Qualifier 2024,2024-05-03T16:52:33Z
OyuyA6QAJME,What this sport makes you feel. #T20WorldCup #INDvBAN  #cricket,2024-06-22T19:29:43Z
bkxmYCtG_3c,Uganda v Thailand | Match Highlights | Womenâ€™s T20WC Qualifier 2024,2024-04-30T00:58:26Z
d7aLymp8wKQ,Something Out Of This World is coming this June ğŸâ˜„ï¸ğŸŒ´ğŸ‡ºğŸ‡¸ #cricket #t20worldcup,2024-02-22T14:25:42Z
7_dEhtor_Jc,Kohli&#39;s golden arm strikes in #T20WorldCup 2016 semi-final ğŸ¤¯ #cricket #cricketshortsÂ #ytshorts,2024-03-31T10:30:02Z
s2tghBRyylo,Netherlands v Zimbabwe | Match Highlights | Women&#39;s T20WC Qualifier 2024,2024-05-01T23:54:47Z
VrcoULjGjOE,Zimbabwe v Vanuatu | Match Highlights | Womenâ€™s T20WC Qualifier 2024,2024-04-26T00:36:54Z
87Xp4ms_cm4,The #T20WorldCup trophy moves its way to - and through - Pakistan with thanks to @DPWorld! ğŸ¤© ğŸ‡µğŸ‡° ğŸ†,2024-09-24T07:18:38Z
BLBPoWOkEBQ,Josh Hazlewood&#39;s response on the possibility of knocking England out of the #T20WorldCup 2024 ğŸ‘€,2024-06-12T14:58:16Z
DtI1wg-7y0g,Uganda v USA | Match Highlights | Womenâ€™s T20WC Qualifier 2024,2024-04-27T15:22:25Z
1kWqvP04dbE,Ali Khan sets sights on Virat Kohli and Babar Azam at the #T20WorldCup ğŸ‘€ #Cricket #CricketShorts,2024-03-27T12:03:53Z
-c1LfSQkBaI,The nets is a dangerous place to be when Rashid Khan is batting ğŸ¥µ#T20WorldCup #Ytshorts,2024-06-07T14:06:16Z
RiH4EIkcBJw,Out of this World Preview | SL v BAN | T20WC 2024,2024-06-07T12:46:34Z
rjNqMq1-p64,"New York, thank you for the incredible memories and unforgettable experiences ğŸğŸ—½ #T20WorldCup",2024-06-14T15:54:43Z
P9ff4RZCXPI,Out of this World Preview | IND v PAK | T20WC 2024,2024-06-09T04:57:22Z
3A8oJTF0wFI,Digital Daily EP. 1 | USA v CAN | T20WC 2024,2024-06-02T07:11:13Z
lnspXHK-HOY,Ireland v Zimbabwe | Match Highlights | Womenâ€™s T20WC Qualifier 2024,2024-04-29T15:25:02Z
W0EFm0I1rDg,Ruben Trumpelmann is hoping it is once again his day against Scotland ğŸ‡³ğŸ‡¦#NAMvSCO #T20WorldCup,2024-06-06T19:01:39Z
dXRENzyQMoU,Ireland v UAE | Match Highlights | Womenâ€™s T20WC Qualifier 2024,2024-04-26T03:44:19Z
FSfnGhJgfL8,The No.1 Women&#39;s T20I bowler â€“ Sophie Ecclestone ğŸ˜ #cricket #cricketshorts #t20worldcup,2024-03-01T14:13:21Z
arR_a6xKYXc,Out of this World Preview | ENG v SCO | T20WC 2024,2024-06-04T07:30:00Z
bkPGFAAF5Lw,Kuldeep Yadav reacts to two of his most iconic dismissalsğŸ‘ #T20WorldCup #cricketshorts #ytshorts,2024-05-30T15:30:09Z
1KbthIoQGGs,Hayley Matthews crowned the ICC Women&#39;s T20I Cricketer of the Year for 2023,2024-01-24T16:22:03Z
rPAWydIzI7o,A magical moment for Australia ğŸ’¥ #T20WorldCup #cricket #cricketshorts #ytshorts,2024-03-08T04:34:07Z
4RnIK8-73-4,Canada bringing the fun at the #T20WorldCup media day ğŸ¤©#Cricketshorts #YTshorts #Cricket,2024-06-01T14:30:01Z
ipV5J3hRJg0,Mitch Marsh is close to full fitness ahead of #T20WorldCup ğŸ’¥ #cricket #cricketshorts #ytshorts,2024-05-27T07:05:40Z
ciPycxZhuZk,Who is Chris Gayle calling? ğŸ˜‰#cricket #shorts #cricketshorts #T20WorldCup,2024-05-04T14:59:59Z
